name,price,points,position,team,team_pr,team_GF,team_GA,opponent,opponent_pr,opponent_GF,opponent_GA,Apps,Mins,Goals,Assists,SpG,Rating,Apps%,Mins%,Goals%,Assists%,GnA%,name_e
טימו פוקי,6,0,FW,פינלנד,0.046976823,0,0,דנמרק,0.745811724,0,0,8,706,5,1,3.6,7.48,1,1,0.5,0.142857143,0.352941176,Teemu Pukki
הקאן צ'לאנולו,8,0,M,טורקיה,0.63379322,0,0,איטליה,0.920883711,0,0,8,659,3,4,2.45,7.32,1,0.971976401,0.1875,0.444444444,0.28,Hakan Calhanoglu
רוברט לבנדובסקי,13,0,FW,פולין,0.436063523,0,0,סלובקיה,0.127690038,0,0,6,429,5,2,2.75,7.605,0.75,0.570478723,0.384615385,0.153846154,0.269230769,Robert Lewandowski
ארטם דזיובה,10,0,FW,רוסיה,0.366186019,0,0,בלגיה,0.917906311,0,0,7,619,5,2,3,7.88,0.875,0.870604782,0.333333333,0.181818182,0.269230769,Artem Dzyuba
דיוגו ז'וטה,12,0,FW,פורטוגל,0.823428402,0,0,הונגריה,0.151661633,0,0,5,480,6,2,2.4,7.37,0.555555556,0.592592593,0.352941176,0.142857143,0.258064516,Diogo Jota
אנטואן גרייזמן,13,0,M,צרפת,0.957189817,0,0,גרמניה,0.760331273,0,0,9,760,4,1,1.85,7.49,1,0.938271605,0.285714286,0.125,0.227272727,Antoine Griezmann
דניאל ג'יימס,6,0,M,וויילס,0.437580963,0,0,שווייץ,0.63472205,0,0,8,670,2,2,1.6,7.035,1,0.930555556,0.222222222,0.222222222,0.222222222,Daniel James
גארת' בייל,10,0,FW,וויילס,0.437580963,0,0,שווייץ,0.63472205,0,0,6,461,0,4,2.75,7.27,0.75,0.640277778,0,0.444444444,0.222222222,Gareth Bale
בריל אמבולו,8,0,FW,שווייץ,0.63472205,0,0,וויילס,0.437580963,0,0,5,408,1,3,0.85,7.175,0.714285714,0.647619048,0.1,0.375,0.222222222,Breel Embolo
ממפיס דפאיי,12,0,FW,הולנד,0.74441658,0,0,אוקראינה,0.398685614,0,0,8,708,4,3,6.15,8.26,0.888888889,0.874074074,0.222222222,0.214285714,0.21875,Memphis Depay
לורנצו אינסינייה,11,0,M,איטליה,0.920883711,0,0,טורקיה,0.63379322,0,0,6,533,0,5,2.9,7.495,0.666666667,0.658024691,0,0.5,0.217391304,Lorenzo Insigne
יוסיפ ברקאלו,7,0,M,קרואטיה,0.555678913,0,0,אנגליה,0.869360908,0,0,4,455,2,2,1.15,6.62,0.444444444,0.561728395,0.166666667,0.25,0.2,Josip Brekalo
מילאן שקריניאר,6,0,D,סלובקיה,0.127690038,0,0,פולין,0.436063523,0,0,7,630,2,1,0.8,6.995,1,1,0.222222222,0.142857143,0.1875,Milan Skriniar
רוברט מאק,6,0,M,סלובקיה,0.127690038,0,0,פולין,0.436063523,0,0,4,312,2,1,0.85,7.03,0.571428571,0.495238095,0.222222222,0.142857143,0.1875,Róbert Mak
טימו ורנר,11,0,FW,גרמניה,0.760331273,0,0,צרפת,0.957189817,0,0,5,490,4,1,1.5,6.53,0.625,0.668485675,0.266666667,0.083333333,0.185185185,Timo Werner
נמניה ניקוליץ',5,0,FW,הונגריה,0.151661633,0,0,פורטוגל,0.823428402,0,0,5,406,2,3,0.75,6.975,0.625,0.563888889,0.117647059,0.272727273,0.178571429,Nemanja Nikolic
פרדריק ינסן,5,0,M,פינלנד,0.046976823,0,0,דנמרק,0.745811724,0,0,1,157,3,0,1,7.06,0.125,0.222379603,0.3,0,0.176470588,Fredrik Jensen
רוברט טיילור,4,0,M,פינלנד,0.046976823,0,0,דנמרק,0.745811724,0,0,5,398,1,2,0.4,6.5,0.625,0.563739377,0.1,0.285714286,0.176470588,Robert Taylor
פראן טורס,11,0,M,ספרד,0.786374111,0,0,שבדיה,0.615554302,0,0,7,641,6,0,3.25,7.315,1,1,0.315789474,0,0.171428571,Ferran Torres
רמו פרוילר,6,0,M,שווייץ,0.63472205,0,0,וויילס,0.437580963,0,0,5,413,2,1,0.6,7,0.714285714,0.655555556,0.2,0.125,0.166666667,Remo Freuler
רומלו לוקאקו,14,0,FW,בלגיה,0.917906311,0,0,רוסיה,0.366186019,0,0,7,630,7,1,3.15,7.54,0.777777778,0.777777778,0.25,0.05,0.166666667,Romelu Lukaku
האריס ספרוביץ',9,0,FW,שווייץ,0.63472205,0,0,וויילס,0.437580963,0,0,7,615,2,1,3.4,7.05,1,0.976190476,0.2,0.125,0.166666667,Haris Seferovic
כריסטוף באומגרטנר,7,0,M,אוסטריה,0.427429304,0,0,צפון מקדוניה,0.027572701,0,0,7,616,2,2,3.25,7.52,0.777777778,0.773869347,0.142857143,0.181818182,0.16,Christoph Baumgartner
בוראק אילמאז,8,0,FW,טורקיה,0.63379322,0,0,איטליה,0.920883711,0,0,6,548,4,0,2.4,7.025,0.75,0.808259587,0.25,0,0.16,Burak Yilmaz
קנאן קארמאן,6,0,FW,טורקיה,0.63379322,0,0,איטליה,0.920883711,0,0,8,678,3,1,1.4,6.895,1,1,0.1875,0.111111111,0.16,Kenan Karaman
סטיבן ברחאוס,10,0,M,הולנד,0.74441658,0,0,אוקראינה,0.398685614,0,0,4,385,2,3,3,7.96,0.444444444,0.475308642,0.111111111,0.214285714,0.15625,Steven Berghuis
ג'ורג'יניו ווינאלדום,8,0,M,הולנד,0.74441658,0,0,אוקראינה,0.398685614,0,0,9,773,4,1,3.05,7.305,1,0.954320988,0.222222222,0.071428571,0.15625,Georginio Wijnaldum
דאלר קוזיאייב,5,0,M,רוסיה,0.366186019,0,0,בלגיה,0.917906311,0,0,8,599,1,3,0.9,6.97,1,0.842475387,0.066666667,0.272727273,0.153846154,Daler Kuzyaev
איבן פרישיץ',10,0,M,קרואטיה,0.555678913,0,0,אנגליה,0.869360908,0,0,7,641,1,2,1.4,6.925,0.777777778,0.791358025,0.083333333,0.25,0.15,Ivan Perisic
ניקולה ולאשיץ',9,0,M,קרואטיה,0.555678913,0,0,אנגליה,0.869360908,0,0,8,707,2,1,2,7.04,0.888888889,0.872839506,0.166666667,0.125,0.15,Nikola Vlasic
מתאו קובאצ'יץ',6,0,M,קרואטיה,0.555678913,0,0,אנגליה,0.869360908,0,0,7,638,2,1,0.5,7.18,0.777777778,0.787654321,0.166666667,0.125,0.15,Mateo Kovacic
קאי האברץ,10,0,M,גרמניה,0.760331273,0,0,צרפת,0.957189817,0,0,4,290,2,2,1,7.275,0.5,0.395634379,0.133333333,0.166666667,0.148148148,Kai Havertz
לאון גורצקה,9,0,M,גרמניה,0.760331273,0,0,צרפת,0.957189817,0,0,7,582,2,2,2.5,7.055,0.875,0.793997271,0.133333333,0.166666667,0.148148148,Leon Goretzka
תומאש סוצ'ק,7,0,M,צ`כיה,0.432833983,0,0,סקוטלנד,0.187972318,0,0,7,630,4,0,1.9,7.745,1,1,0.266666667,0,0.148148148,Tomas Soucek
ולדימיר דארידה,6,0,M,צ`כיה,0.432833983,0,0,סקוטלנד,0.187972318,0,0,7,624,1,3,1.65,7.36,1,0.99047619,0.066666667,0.25,0.148148148,Vladimír Darida
יאקוב יאנקטו,6,0,M,צ`כיה,0.432833983,0,0,סקוטלנד,0.187972318,0,0,6,432,1,3,2.65,7.025,0.857142857,0.685714286,0.066666667,0.25,0.148148148,Jakub Jankto
סרג' גנאברי,13,0,FW,גרמניה,0.760331273,0,0,צרפת,0.957189817,0,0,7,626,2,2,2.75,7.265,0.875,0.854024557,0.133333333,0.166666667,0.148148148,Serge Gnabry
פיל פודן,10,0,M,אנגליה,0.869360908,0,0,קרואטיה,0.555678913,0,0,4,370,2,2,2.1,7.775,0.5,0.52407932,0.125,0.153846154,0.137931034,Phil Foden
מייסון מאונט,9,0,M,אנגליה,0.869360908,0,0,קרואטיה,0.555678913,0,0,7,552,3,1,1.8,7.17,0.875,0.781869688,0.1875,0.076923077,0.137931034,Mason Mount
הארי קיין,15,0,FW,אנגליה,0.869360908,0,0,קרואטיה,0.555678913,0,0,7,627,2,2,3.75,7.41,0.875,0.888101983,0.125,0.153846154,0.137931034,Harry Kane
קירן טיירני,5,0,D,סקוטלנד,0.187972318,0,0,צ`כיה,0.432833983,0,0,6,529,0,3,0.65,7.25,0.75,0.734722222,0,0.3,0.136363636,Kieran Tierney
ג'ון מגין,6,0,M,סקוטלנד,0.187972318,0,0,צ`כיה,0.432833983,0,0,8,671,3,0,1.45,7.205,1,0.931944444,0.25,0,0.136363636,John McGinn
ריאן פרייזר,5,0,M,סקוטלנד,0.187972318,0,0,צ`כיה,0.432833983,0,0,4,320,3,0,1.75,7.175,0.5,0.444444444,0.25,0,0.136363636,Ryan Fraser
קיליאן אמבפה,15,0,FW,צרפת,0.957189817,0,0,גרמניה,0.760331273,0,0,5,481,2,1,2.1,6.89,0.555555556,0.59382716,0.142857143,0.125,0.136363636,Kylian Mbappé
אוליביה ז'ירו,9,0,FW,צרפת,0.957189817,0,0,גרמניה,0.760331273,0,0,4,388,3,0,1.85,6.59,0.444444444,0.479012346,0.214285714,0,0.136363636,Olivier Giroud
לינדון דייקס,5,0,FW,סקוטלנד,0.187972318,0,0,צ`כיה,0.432833983,0,0,7,501,2,1,0.5,6.74,0.875,0.695833333,0.166666667,0.1,0.136363636,Lyndon Dykes
ריאן כריסטי,4,0,FW,סקוטלנד,0.187972318,0,0,צ`כיה,0.432833983,0,0,5,493,2,1,2.15,7.38,0.625,0.684722222,0.166666667,0.1,0.136363636,Ryan Christie
ויקטור קלאסון,7,0,M,שבדיה,0.615554302,0,0,ספרד,0.786374111,0,0,4,354,2,0,1,6.955,0.5,0.507163324,0.222222222,0,0.133333333,Viktor Claesson
אלכסנדר קרבייב,5,0,M,אוקראינה,0.398685614,0,0,הולנד,0.74441658,0,0,5,447,0,2,0.5,6.73,0.714285714,0.70952381,0,0.285714286,0.133333333,Oleksandr Karavaev
סבסטיאן לארסון,5,0,M,שבדיה,0.615554302,0,0,ספרד,0.786374111,0,0,5,436,1,1,0.85,6.85,0.625,0.624641834,0.111111111,0.166666667,0.133333333,Sebastian Larsson
אנדרי ירמולנקו,9,0,FW,אוקראינה,0.398685614,0,0,הולנד,0.74441658,0,0,4,328,1,1,1.3,6.77,0.571428571,0.520634921,0.125,0.142857143,0.133333333,Andriy Yarmolenko
דומניקו ברארדי,10,0,M,איטליה,0.920883711,0,0,טורקיה,0.63379322,0,0,2,190,3,0,1.65,7.605,0.222222222,0.234567901,0.230769231,0,0.130434783,Domenico Berardi
מנואל לוקאטלי,5,0,M,איטליה,0.920883711,0,0,טורקיה,0.63379322,0,0,5,502,1,2,1.1,7.155,0.555555556,0.619753086,0.076923077,0.2,0.130434783,Manuel Locatelli
צ'ירו אימובילה,13,0,FW,איטליה,0.920883711,0,0,טורקיה,0.63379322,0,0,4,393,2,1,3.35,7.13,0.444444444,0.485185185,0.153846154,0.1,0.130434783,Ciro Immobile
כריסטיאן אריקסן,9,0,M,דנמרק,0.745811724,0,0,פינלנד,0.046976823,0,0,8,733,4,0,2.05,7.055,0.888888889,0.95691906,0.2,0,0.129032258,Christian Eriksen
אנדראס סקוב אולסן,7,0,M,דנמרק,0.745811724,0,0,פינלנד,0.046976823,0,0,1,118,2,2,0.65,6.81,0.111111111,0.154046997,0.1,0.181818182,0.129032258,Andreas Skov Olsen
מיקל דמסגארד,4,0,M,דנמרק,0.745811724,0,0,פינלנד,0.046976823,0,0,1,90,2,2,6,10,0.111111111,0.117493473,0.1,0.181818182,0.129032258,Mikkel Damsgaard
קווין דה בריינה,13,0,M,בלגיה,0.917906311,0,0,רוסיה,0.366186019,0,0,6,513,2,4,2,7.63,0.666666667,0.633333333,0.071428571,0.2,0.125,Kevin De Bruyne
שטפן ליינר,6,0,D,אוסטריה,0.427429304,0,0,צפון מקדוניה,0.027572701,0,0,9,796,0,3,0.9,6.9,1,1,0,0.272727273,0.12,Stefan Lainer
אוזאן טופאן,6,0,M,טורקיה,0.63379322,0,0,איטליה,0.920883711,0,0,8,660,3,0,1.6,7.215,1,0.973451327,0.1875,0,0.12,Ozan Tufan
סשה קלאידזיץ',8,0,FW,אוסטריה,0.427429304,0,0,צפון מקדוניה,0.027572701,0,0,3,236,3,0,1.35,6.785,0.333333333,0.296482412,0.214285714,0,0.12,Sasa Kalajdzic
רובין לוד,5,0,M,פינלנד,0.046976823,0,0,דנמרק,0.745811724,0,0,4,347,1,1,1.5,7.53,0.5,0.491501416,0.1,0.142857143,0.117647059,Robin Lod
מריו פרננדס,7,0,D,רוסיה,0.366186019,0,0,בלגיה,0.917906311,0,0,5,450,3,0,1.1,7.305,0.625,0.632911392,0.2,0,0.115384615,Mario Fernandes
מתיאס גינטר,8,0,D,גרמניה,0.760331273,0,0,צרפת,0.957189817,0,0,8,733,1,2,0.6,6.59,1,1,0.066666667,0.166666667,0.111111111,Matthias Ginter
נקו וויליאמס,6,0,D,וויילס,0.437580963,0,0,שווייץ,0.63472205,0,0,4,439,1,1,0.55,7.095,0.5,0.609722222,0.111111111,0.111111111,0.111111111,Neco Williams
אזגיאן אליוסקי,5,0,D,צפון מקדוניה,0.027572701,0,0,אוסטריה,0.427429304,0,0,7,606,2,1,0.65,7.05,0.777777778,0.799472296,0.117647059,0.1,0.111111111,Ezgjan Alioski
סטפן ריסטובסקי,5,0,D,צפון מקדוניה,0.027572701,0,0,אוסטריה,0.427429304,0,0,9,758,1,2,0.4,6.915,1,1,0.058823529,0.2,0.111111111,Stefan Ristovski
אילקאי גונדואן,9,0,M,גרמניה,0.760331273,0,0,צרפת,0.957189817,0,0,7,614,3,0,1.1,7.265,0.875,0.837653479,0.2,0,0.111111111,Ilkay Gündogan
שרדאן שאקירי,9,0,M,שווייץ,0.63472205,0,0,וויילס,0.437580963,0,0,4,324,1,1,1.5,7.085,0.571428571,0.514285714,0.1,0.125,0.111111111,Xherdan Shaqiri
הארי ווילסון,7,0,M,וויילס,0.437580963,0,0,שווייץ,0.63472205,0,0,5,415,2,0,1,6.665,0.625,0.576388889,0.222222222,0,0.111111111,Harry Wilson
אליף אלמאס,6,0,M,צפון מקדוניה,0.027572701,0,0,אוסטריה,0.427429304,0,0,6,535,2,1,1,7.16,0.666666667,0.705804749,0.117647059,0.1,0.111111111,Eljif Elmas
אלכסנדר טראיקובסקי,6,0,M,צפון מקדוניה,0.027572701,0,0,אוסטריה,0.427429304,0,0,6,450,3,0,1.75,6.955,0.666666667,0.593667546,0.176470588,0,0.111111111,Aleksandar Trajkovski
אניס בארדי,6,0,M,צפון מקדוניה,0.027572701,0,0,אוסטריה,0.427429304,0,0,5,463,1,2,1.2,7.16,0.555555556,0.610817942,0.058823529,0.2,0.111111111,Enis Bardhi
ג'ונתן וויליאמס,5,0,M,וויילס,0.437580963,0,0,שווייץ,0.63472205,0,0,1,106,1,1,0.15,6.645,0.125,0.147222222,0.111111111,0.111111111,0.111111111,Jonathan Williams
מריו גברנוביץ',7,0,FW,שווייץ,0.63472205,0,0,וויילס,0.437580963,0,0,1,107,2,0,1.25,6.65,0.142857143,0.16984127,0.2,0,0.111111111,Mario Gavranovic
פטריק שיק,7,0,FW,צ`כיה,0.432833983,0,0,סקוטלנד,0.187972318,0,0,2,127,1,2,3.5,7.44,0.285714286,0.201587302,0.066666667,0.166666667,0.111111111,Patrik Schick
קיפר מור,7,0,FW,וויילס,0.437580963,0,0,שווייץ,0.63472205,0,0,3,354,2,0,0.85,6.44,0.375,0.491666667,0.222222222,0,0.111111111,Kieffer Moore
גוראן פאנדב,6,0,FW,צפון מקדוניה,0.027572701,0,0,אוסטריה,0.427429304,0,0,5,448,2,1,1.65,6.74,0.555555556,0.591029024,0.117647059,0.1,0.111111111,Goran Pandev
רולנד שאלאי,4,0,M,הונגריה,0.151661633,0,0,פורטוגל,0.823428402,0,0,4,333,3,0,3.5,7.27,0.5,0.4625,0.176470588,0,0.107142857,Roland Sallai
אדם סאלאי,5,0,FW,הונגריה,0.151661633,0,0,פורטוגל,0.823428402,0,0,6,512,2,1,2.25,6.925,0.75,0.711111111,0.117647059,0.090909091,0.107142857,Ádám Szalai
ז'ואאו קאנסלו,8,0,D,פורטוגל,0.823428402,0,0,הונגריה,0.151661633,0,0,7,632,1,2,1.25,7.285,0.777777778,0.780246914,0.058823529,0.142857143,0.096774194,João Cancelo
ברנרדו סילבה,11,0,M,פורטוגל,0.823428402,0,0,הונגריה,0.151661633,0,0,8,573,1,2,1.35,7.05,0.888888889,0.707407407,0.058823529,0.142857143,0.096774194,Bernardo Silva
פייר-אמיל הויביירג,5,0,M,דנמרק,0.745811724,0,0,פינלנד,0.046976823,0,0,6,555,1,2,0.7,7.44,0.666666667,0.724543081,0.05,0.181818182,0.096774194,Pierre-Emile Højbjerg
כריסטיאנו רונאלדו,15,0,FW,פורטוגל,0.823428402,0,0,הונגריה,0.151661633,0,0,7,621,3,0,5.6,7.125,0.777777778,0.766666667,0.176470588,0,0.096774194,Cristiano Ronaldo
ז'ואאו פליקס,10,0,FW,פורטוגל,0.823428402,0,0,הונגריה,0.151661633,0,0,7,560,2,1,1.7,6.735,0.777777778,0.691358025,0.117647059,0.071428571,0.096774194,João Félix
יונאס ווינד,7,0,FW,דנמרק,0.745811724,0,0,פינלנד,0.046976823,0,0,3,231,2,1,0.75,7.105,0.333333333,0.30156658,0.1,0.090909091,0.096774194,Jonas Wind
דייבי קלאסן,8,0,M,הולנד,0.74441658,0,0,אוקראינה,0.398685614,0,0,4,337,1,2,2.25,7.15,0.444444444,0.416049383,0.055555556,0.142857143,0.09375,Davy Klaassen
לוק דה יונג,9,0,FW,הולנד,0.74441658,0,0,אוקראינה,0.398685614,0,0,5,474,3,0,2.65,7.19,0.555555556,0.585185185,0.166666667,0,0.09375,Luuk de Jong
לוקה דין,7,0,D,צרפת,0.957189817,0,0,גרמניה,0.760331273,0,0,3,308,0,2,0,7.235,0.333333333,0.380246914,0,0.25,0.090909091,Lucas Digne
סטפן אודונל,4,0,D,סקוטלנד,0.187972318,0,0,צ`כיה,0.432833983,0,0,5,433,0,2,0.9,6.77,0.625,0.601388889,0,0.2,0.090909091,Stephen O'Donnell
שה אדאמס,6,0,FW,סקוטלנד,0.187972318,0,0,צ`כיה,0.432833983,0,0,2,172,1,1,1.3,6.86,0.25,0.238888889,0.083333333,0.1,0.090909091,Che Adams
ניקולו בארלה,6,0,M,איטליה,0.920883711,0,0,טורקיה,0.63379322,0,0,7,673,1,1,0.6,7.02,0.777777778,0.830864198,0.076923077,0.1,0.086956522,Nicolò Barella
סטפנו סנסי,5,0,M,איטליה,0.920883711,0,0,טורקיה,0.63379322,0,0,2,203,2,0,1.75,7.45,0.222222222,0.250617284,0.153846154,0,0.086956522,Stefano Sensi
אנדראה בלוטי,10,0,FW,איטליה,0.920883711,0,0,טורקיה,0.63379322,0,0,5,392,2,0,4,6.975,0.555555556,0.483950617,0.153846154,0,0.086956522,Andrea Belotti
ג'ורדי אלבה,9,0,D,ספרד,0.786374111,0,0,שבדיה,0.615554302,0,0,2,180,0,3,0.5,7.63,0.285714286,0.280811232,0,0.1875,0.085714286,Jordi Alba
חוסה גאיה,6,0,D,ספרד,0.786374111,0,0,שבדיה,0.615554302,0,0,4,360,1,2,0.35,6.74,0.571428571,0.561622465,0.052631579,0.125,0.085714286,José Gayà
דני אולמו,10,0,M,ספרד,0.786374111,0,0,שבדיה,0.615554302,0,0,6,501,2,1,2.5,7.01,0.857142857,0.781591264,0.105263158,0.0625,0.085714286,Dani Olmo
פביאן רואיס,6,0,M,ספרד,0.786374111,0,0,שבדיה,0.615554302,0,0,3,290,0,3,0.9,6.73,0.428571429,0.452418097,0,0.1875,0.085714286,Fabián Ruiz
ז'רמי דוקו,7,0,M,בלגיה,0.917906311,0,0,רוסיה,0.366186019,0,0,3,244,2,2,0.65,8.455,0.333333333,0.301234568,0.071428571,0.1,0.083333333,Jéremy Doku
דריס מרטנס,11,0,FW,בלגיה,0.917906311,0,0,רוסיה,0.366186019,0,0,6,489,3,1,1.75,7.04,0.666666667,0.603703704,0.107142857,0.05,0.083333333,Dries Mertens
מיצ'י באטשואי,8,0,FW,בלגיה,0.917906311,0,0,רוסיה,0.366186019,0,0,2,154,3,1,4.5,8.585,0.222222222,0.190123457,0.107142857,0.05,0.083333333,Michy Batshuayi
מרקו ארנאוטוביץ',8,0,FW,אוסטריה,0.427429304,0,0,צפון מקדוניה,0.027572701,0,0,1,117,0,2,5,7.03,0.111111111,0.146984925,0,0.181818182,0.08,Marko Arnautovic
מיכאל גרגוריץ',6,0,FW,אוסטריה,0.427429304,0,0,צפון מקדוניה,0.027572701,0,0,5,412,2,0,1.2,6.485,0.555555556,0.51758794,0.142857143,0,0.08,Michael Gregoritsch
מאצ'יי ריבוס,6,0,D,פולין,0.436063523,0,0,סלובקיה,0.127690038,0,0,3,256,0,2,0.25,6.96,0.375,0.340425532,0,0.153846154,0.076923077,Maciej Rybus
ויאצ'יסלב קרבאייב,5,0,D,רוסיה,0.366186019,0,0,בלגיה,0.917906311,0,0,4,474,1,1,0.65,6.54,0.5,0.666666667,0.066666667,0.090909091,0.076923077,Vyacheslav Karavaev
רומן זובנין,5,0,M,רוסיה,0.366186019,0,0,בלגיה,0.917906311,0,0,5,439,0,2,1,7.01,0.625,0.617440225,0,0.181818182,0.076923077,Roman Zobnin
ולדימיר צופאל,6,0,D,צ`כיה,0.432833983,0,0,סקוטלנד,0.187972318,0,0,7,627,1,1,0.55,6.975,1,0.995238095,0.066666667,0.083333333,0.074074074,Vladimir Coufal
לירוי סאנה,12,0,M,גרמניה,0.760331273,0,0,צרפת,0.957189817,0,0,7,515,1,1,1.15,7.035,0.875,0.702592087,0.066666667,0.083333333,0.074074074,Leroy Sané
אריאן אדמי,4,0,M,צפון מקדוניה,0.027572701,0,0,אוסטריה,0.427429304,0,0,3,275,1,1,1,7.045,0.333333333,0.362796834,0.058823529,0.1,0.074074074,Arijan Ademi
ראחים סטרלינג,11,0,M,אנגליה,0.869360908,0,0,קרואטיה,0.555678913,0,0,5,406,2,0,2.35,7.595,0.625,0.575070822,0.125,0,0.068965517,Raheem Sterling
דומיניק קלברט-לווין,9,0,FW,אנגליה,0.869360908,0,0,קרואטיה,0.555678913,0,0,2,169,2,0,1.85,6.885,0.25,0.239376771,0.125,0,0.068965517,Dominic Calvert-Lewin
לודוויג אוגוסטינסון,7,0,D,שבדיה,0.615554302,0,0,ספרד,0.786374111,0,0,4,353,1,0,0.5,6.755,0.5,0.505730659,0.111111111,0,0.066666667,Ludwig Augustinsson
מרכוס דניאלסון,4,0,D,שבדיה,0.615554302,0,0,ספרד,0.786374111,0,0,2,180,1,0,1,6.79,0.25,0.257879656,0.111111111,0,0.066666667,Marcus Danielson
אמיל פורסברג,9,0,M,שבדיה,0.615554302,0,0,ספרד,0.786374111,0,0,6,545,0,1,2.4,6.895,0.75,0.780802292,0,0.166666667,0.066666667,Emil Forsberg
דז'אן קולוסבסקי,7,0,M,שבדיה,0.615554302,0,0,ספרד,0.786374111,0,0,6,549,1,0,0.85,6.32,0.75,0.786532951,0.111111111,0,0.066666667,Dejan Kulusevski
סרגיי סידורצ'וק,6,0,M,אוקראינה,0.398685614,0,0,הולנד,0.74441658,0,0,4,317,1,0,0.25,6.76,0.571428571,0.503174603,0.125,0,0.066666667,Serhiy Sydorchuk
אלכסנדר איסאק,9,0,FW,שבדיה,0.615554302,0,0,ספרד,0.786374111,0,0,4,326,1,0,1.9,6.79,0.5,0.467048711,0.111111111,0,0.066666667,Alexander Isak
מרכוס ברג,7,0,FW,שבדיה,0.615554302,0,0,ספרד,0.786374111,0,0,6,557,1,0,0.85,6.375,0.75,0.797994269,0.111111111,0,0.066666667,Marcus Berg
רובין קייסון,6,0,FW,שבדיה,0.615554302,0,0,ספרד,0.786374111,0,0,2,210,1,0,0.65,6.185,0.25,0.300859599,0.111111111,0,0.066666667,Robin Quaison
רובן דיאס,8,0,D,פורטוגל,0.823428402,0,0,הונגריה,0.151661633,0,0,9,810,2,0,0.9,7.05,1,1,0.117647059,0,0.064516129,Rúben Dias
רוברט סקוב,6,0,M,דנמרק,0.745811724,0,0,פינלנד,0.046976823,0,0,4,350,2,0,1.75,7.145,0.444444444,0.45691906,0.1,0,0.064516129,Robert Skov
תומאס דילייני,5,0,M,דנמרק,0.745811724,0,0,פינלנד,0.046976823,0,0,8,685,0,2,0.75,7.2,0.888888889,0.894255875,0,0.181818182,0.064516129,Thomas Delaney
מרטין בריית'ווייט,8,0,FW,דנמרק,0.745811724,0,0,פינלנד,0.046976823,0,0,8,649,1,1,1.9,7.15,0.888888889,0.847258486,0.05,0.090909091,0.064516129,Martin Braithwaite
קספר דולברג,6,0,FW,דנמרק,0.745811724,0,0,פינלנד,0.046976823,0,0,5,378,2,0,1.5,7.08,0.555555556,0.493472585,0.1,0,0.064516129,Kasper Dolberg
אואן וינדאל,8,0,D,הולנד,0.74441658,0,0,אוקראינה,0.398685614,0,0,4,361,0,2,0.75,7.085,0.444444444,0.445679012,0,0.142857143,0.0625,Owen Wijndal
דנזל דמפריס,8,0,D,הולנד,0.74441658,0,0,אוקראינה,0.398685614,0,0,4,344,0,2,0.5,6.795,0.444444444,0.424691358,0,0.142857143,0.0625,Denzel Dumfries
פטר פקאריק,6,0,D,סלובקיה,0.127690038,0,0,פולין,0.436063523,0,0,6,540,0,1,0.25,6.64,0.857142857,0.857142857,0,0.142857143,0.0625,Peter Pekarík
תומאש הובוצ'אן,4,0,D,סלובקיה,0.127690038,0,0,פולין,0.436063523,0,0,3,270,0,1,0.5,6.75,0.428571429,0.428571429,0,0.142857143,0.0625,Tomas Hubocan
טורגן הזאר,8,0,M,בלגיה,0.917906311,0,0,רוסיה,0.366186019,0,0,6,496,1,2,0.9,7.26,0.666666667,0.612345679,0.035714286,0.1,0.0625,Thorgan Hazard
מארק האמשיק,8,0,M,סלובקיה,0.127690038,0,0,פולין,0.436063523,0,0,4,310,1,0,1.5,6.7,0.571428571,0.492063492,0.111111111,0,0.0625,Marek Hamsik
דוני ואן דה ביק,7,0,M,הולנד,0.74441658,0,0,אוקראינה,0.398685614,0,0,2,233,2,0,0.7,6.505,0.222222222,0.287654321,0.111111111,0,0.0625,Donny van de Beek
האנס ואנקן,7,0,M,בלגיה,0.917906311,0,0,רוסיה,0.366186019,0,0,1,129,2,1,2.75,8.065,0.111111111,0.159259259,0.071428571,0.05,0.0625,Hans Vanaken
אונדרי דודה,6,0,M,סלובקיה,0.127690038,0,0,פולין,0.436063523,0,0,5,419,0,1,0.75,6.875,0.714285714,0.665079365,0,0.142857143,0.0625,Ondrej Duda
מאתוש ברו,4,0,M,סלובקיה,0.127690038,0,0,פולין,0.436063523,0,0,3,190,0,1,0.5,6.655,0.428571429,0.301587302,0,0.142857143,0.0625,Matús Bero
דויד סטרלץ,6,0,FW,סלובקיה,0.127690038,0,0,פולין,0.436063523,0,0,0,53,1,0,0.3,6.44,0,0.084126984,0.111111111,0,0.0625,David Strelec
מיכאל ג'וריש,5,0,FW,סלובקיה,0.127690038,0,0,פולין,0.436063523,0,0,4,340,1,0,1.15,6.425,0.571428571,0.53968254,0.111111111,0,0.0625,Michal Duris
ירה אורונן,5,0,D,פינלנד,0.046976823,0,0,דנמרק,0.745811724,0,0,5,383,0,1,0.2,6.49,0.625,0.542492918,0,0.142857143,0.058823529,Jere Uronen
יוני קאוקו,3,0,M,פינלנד,0.046976823,0,0,דנמרק,0.745811724,0,0,3,225,0,1,0.25,6.69,0.375,0.318696884,0,0.142857143,0.058823529,Joni Kauko
יואל פויינפלו,5,0,FW,פינלנד,0.046976823,0,0,דנמרק,0.745811724,0,0,4,297,0,1,0.8,6.32,0.5,0.420679887,0,0.142857143,0.058823529,Joel Pohjanpalo
מיקל אוירסבאל,9,0,M,ספרד,0.786374111,0,0,שבדיה,0.615554302,0,0,2,230,2,0,0.75,6.35,0.285714286,0.358814353,0.105263158,0,0.057142857,Mikel Oyarzabal
קוקה,7,0,M,ספרד,0.786374111,0,0,שבדיה,0.615554302,0,0,3,270,0,2,1.25,7.195,0.428571429,0.421216849,0,0.125,0.057142857,Koke
אלבארו מוראטה,11,0,FW,ספרד,0.786374111,0,0,שבדיה,0.615554302,0,0,4,356,2,0,2.6,7.2,0.571428571,0.555382215,0.105263158,0,0.057142857,Álvaro Morata
ריקרדו רודריגס,7,0,D,שווייץ,0.63472205,0,0,וויילס,0.437580963,0,0,7,604,0,1,0.7,7.125,1,0.958730159,0,0.125,0.055555556,Ricardo Rodríguez
סילבן ווידמר,6,0,D,שווייץ,0.63472205,0,0,וויילס,0.437580963,0,0,4,331,1,0,1.15,6.835,0.571428571,0.525396825,0.1,0,0.055555556,Silvan Widmer
גרניט ג'אקה,6,0,M,שווייץ,0.63472205,0,0,וויילס,0.437580963,0,0,7,630,0,1,1.1,6.965,1,1,0,0.125,0.055555556,Granit Xhaka
דייויד ברוקס,6,0,M,וויילס,0.437580963,0,0,שווייץ,0.63472205,0,0,2,178,1,0,1.5,6.73,0.25,0.247222222,0.111111111,0,0.055555556,David Brooks
סטיבן צובר,5,0,M,שווייץ,0.63472205,0,0,וויילס,0.437580963,0,0,4,304,1,0,0.95,6.7,0.571428571,0.482539683,0.1,0,0.055555556,Steven Zuber
ג'ו מורל,4,0,M,וויילס,0.437580963,0,0,שווייץ,0.63472205,0,0,6,622,0,1,0.2,6.755,0.75,0.863888889,0,0.111111111,0.055555556,Joe Morrell
בורנה בארישיץ',8,0,D,קרואטיה,0.555678913,0,0,אנגליה,0.869360908,0,0,5,439,0,1,0.15,6.635,0.555555556,0.541975309,0,0.125,0.05,Borna Barisic
דיאן לוברן,7,0,D,קרואטיה,0.555678913,0,0,אנגליה,0.869360908,0,0,7,630,1,0,0.45,6.955,0.777777778,0.777777778,0.083333333,0,0.05,Dejan Lovren
אנטה רביץ',10,0,M,קרואטיה,0.555678913,0,0,אנגליה,0.869360908,0,0,2,136,0,1,0,6.49,0.222222222,0.167901235,0,0.125,0.05,Ante Rebic
לוקה מודריץ',8,0,M,קרואטיה,0.555678913,0,0,אנגליה,0.869360908,0,0,6,576,1,0,1.05,7.165,0.666666667,0.711111111,0.083333333,0,0.05,Luka Modric
מריו פשאליץ',6,0,M,קרואטיה,0.555678913,0,0,אנגליה,0.869360908,0,0,5,379,1,0,1.6,6.425,0.555555556,0.467901235,0.083333333,0,0.05,Mario Pasalic
ברונו פטקוביץ',10,0,FW,קרואטיה,0.555678913,0,0,אנגליה,0.869360908,0,0,1,95,1,0,0.3,6.43,0.111111111,0.117283951,0.083333333,0,0.05,Bruno Petkovic
אנדרי קרמאריץ',9,0,FW,קרואטיה,0.555678913,0,0,אנגליה,0.869360908,0,0,3,288,1,0,1.4,6.19,0.333333333,0.355555556,0.083333333,0,0.05,Andrej Kramaric
בנז'מין פבאר,9,0,D,צרפת,0.957189817,0,0,גרמניה,0.760331273,0,0,5,450,1,0,0.6,7.335,0.555555556,0.555555556,0.071428571,0,0.045454545,Benjamin Pavard
אנדי רוברטסון,6,0,D,סקוטלנד,0.187972318,0,0,צ`כיה,0.432833983,0,0,7,630,0,1,0.5,6.895,0.875,0.875,0,0.1,0.045454545,Andrew Robertson
גרנט הנלי,5,0,D,סקוטלנד,0.187972318,0,0,צ`כיה,0.432833983,0,0,3,270,1,0,1,7.11,0.375,0.375,0.083333333,0,0.045454545,Grant Hanley
עוסמאן דמבלה,11,0,M,צרפת,0.957189817,0,0,גרמניה,0.760331273,0,0,1,117,1,0,1.5,7.04,0.111111111,0.144444444,0.071428571,0,0.045454545,Ousmane Dembélé
קינגסלי קומאן,11,0,M,צרפת,0.957189817,0,0,גרמניה,0.760331273,0,0,3,221,1,0,0.9,6.445,0.333333333,0.272839506,0.071428571,0,0.045454545,Kingsley Coman
אדריין ראביו,7,0,M,צרפת,0.957189817,0,0,גרמניה,0.760331273,0,0,7,633,0,1,1,7.025,0.777777778,0.781481481,0,0.125,0.045454545,Adrien Rabiot
אנגולו קאנטה,7,0,M,צרפת,0.957189817,0,0,גרמניה,0.760331273,0,0,5,423,1,0,0.15,7.36,0.555555556,0.522222222,0.071428571,0,0.045454545,N'Golo Kanté
מרקוס תוראם,8,0,FW,צרפת,0.957189817,0,0,גרמניה,0.760331273,0,0,1,89,0,1,1,6.77,0.111111111,0.109876543,0,0.125,0.045454545,Marcus Thuram
אלסנדרו פלורנצי,8,0,D,איטליה,0.920883711,0,0,טורקיה,0.63379322,0,0,6,491,0,1,0.55,6.89,0.666666667,0.60617284,0,0.1,0.043478261,Alessandro Florenzi
לורנצו פלגריני,7,0,M,איטליה,0.920883711,0,0,טורקיה,0.63379322,0,0,5,351,1,0,1.5,6.735,0.555555556,0.433333333,0.076923077,0,0.043478261,Lorenzo Pellegrini
ז'ורז'יניו,6,0,M,איטליה,0.920883711,0,0,טורקיה,0.63379322,0,0,5,450,1,0,0.4,7.04,0.555555556,0.555555556,0.076923077,0,0.043478261,Jorginho
תומא מונייה,8,0,D,בלגיה,0.917906311,0,0,רוסיה,0.366186019,0,0,6,540,0,2,0.4,7.305,0.666666667,0.666666667,0,0.1,0.041666667,Thomas Meunier
יורי טיילמנס,7,0,M,בלגיה,0.917906311,0,0,רוסיה,0.366186019,0,0,7,647,2,0,0.85,6.97,0.777777778,0.798765432,0.071428571,0,0.041666667,Youri Tielemans
דניס פראט,6,0,M,בלגיה,0.917906311,0,0,רוסיה,0.366186019,0,0,1,111,1,1,0.75,7.9,0.111111111,0.137037037,0.035714286,0.05,0.041666667,Dennis Praet
לאנדרו טרוסארד,6,0,M,בלגיה,0.917906311,0,0,רוסיה,0.366186019,0,0,2,196,2,0,0.9,6.8,0.222222222,0.241975309,0.071428571,0,0.041666667,Leandro Trossard
אלכסנדר דרגוביץ',6,0,D,אוסטריה,0.427429304,0,0,צפון מקדוניה,0.027572701,0,0,6,546,1,0,0.35,6.67,0.666666667,0.685929648,0.071428571,0,0.04,Aleksandar Dragovic
אנדראס אולמר,6,0,D,אוסטריה,0.427429304,0,0,צפון מקדוניה,0.027572701,0,0,6,520,0,1,0.4,6.45,0.666666667,0.653266332,0,0.090909091,0.04,Andreas Ulmer
מרטין הינטרגר,6,0,D,אוסטריה,0.427429304,0,0,צפון מקדוניה,0.027572701,0,0,6,453,0,1,0.5,6.8,0.666666667,0.569095477,0,0.090909091,0.04,Martin Hinteregger
צ'לאר סויונג'ו,6,0,D,טורקיה,0.63379322,0,0,איטליה,0.920883711,0,0,5,450,1,0,0.4,6.825,0.625,0.663716814,0.0625,0,0.04,Çaglar Söyüncü
קאן אייהאן,6,0,D,טורקיה,0.63379322,0,0,איטליה,0.920883711,0,0,3,284,0,1,0,6.49,0.375,0.418879056,0,0.111111111,0.04,Kaan Ayhan
אומוט מראש,5,0,D,טורקיה,0.63379322,0,0,איטליה,0.920883711,0,0,4,447,0,1,0.15,6.775,0.5,0.659292035,0,0.111111111,0.04,Umut Meras
דויד אלאבה,8,0,M,אוסטריה,0.427429304,0,0,צפון מקדוניה,0.027572701,0,0,7,604,0,1,1.3,6.965,0.777777778,0.75879397,0,0.090909091,0.04,David Alaba
מרסל זביצר,8,0,M,אוסטריה,0.427429304,0,0,צפון מקדוניה,0.027572701,0,0,6,540,1,0,3.25,6.73,0.666666667,0.67839196,0.071428571,0,0.04,Marcel Sabitzer
יוסוף יאזיצ'י,7,0,M,טורקיה,0.63379322,0,0,איטליה,0.920883711,0,0,4,389,0,1,1.9,6.565,0.5,0.573746313,0,0.111111111,0.04,Yusuf Yazici
ג'נגיז אונדר,6,0,M,טורקיה,0.63379322,0,0,איטליה,0.920883711,0,0,2,226,1,0,2.8,7.12,0.25,0.333333333,0.0625,0,0.04,Cengiz Ünder
לואיס שאוב,6,0,M,אוסטריה,0.427429304,0,0,צפון מקדוניה,0.027572701,0,0,1,119,1,0,0.75,6.785,0.111111111,0.149497487,0.071428571,0,0.04,Louis Schaub
אלסנדרו שוף,5,0,M,אוסטריה,0.427429304,0,0,צפון מקדוניה,0.027572701,0,0,1,103,1,0,1.5,6.91,0.111111111,0.129396985,0.071428571,0,0.04,Alessandro Schöpf
כרים אוניסיוו,6,0,FW,אוסטריה,0.427429304,0,0,צפון מקדוניה,0.027572701,0,0,1,131,1,0,0.5,6.37,0.111111111,0.164572864,0.071428571,0,0.04,Karim Onisiwo
ברטוש ברשינסקי,7,0,D,פולין,0.436063523,0,0,סלובקיה,0.127690038,0,0,6,528,0,1,0.15,6.65,0.75,0.70212766,0,0.076923077,0.038461538,Bartosz Bereszynski
קמיל גליק,7,0,D,פולין,0.436063523,0,0,סלובקיה,0.127690038,0,0,8,752,1,0,0.65,6.805,1,1,0.076923077,0,0.038461538,Kamil Glik
אנדריי סמנוב,6,0,D,רוסיה,0.366186019,0,0,בלגיה,0.917906311,0,0,8,641,0,1,0,6.74,1,0.901547117,0,0.090909091,0.038461538,Andrey Semenov
פיוטר זיילינסקי,9,0,M,פולין,0.436063523,0,0,סלובקיה,0.127690038,0,0,6,525,0,1,0.5,6.64,0.75,0.698138298,0,0.076923077,0.038461538,Piotr Zielinski
אלכסיי מירנצ'וק,7,0,M,רוסיה,0.366186019,0,0,בלגיה,0.917906311,0,0,2,231,0,1,0.25,6.57,0.25,0.324894515,0,0.090909091,0.038461538,Aleksey Miranchuk
גז'גוז' קריכוביאק,6,0,M,פולין,0.436063523,0,0,סלובקיה,0.127690038,0,0,8,678,0,1,1.05,6.675,1,0.901595745,0,0.076923077,0.038461538,Grzegorz Krychowiak
דניס צ'רישב,6,0,M,רוסיה,0.366186019,0,0,בלגיה,0.917906311,0,0,1,86,1,0,1.7,6.17,0.125,0.120956399,0.066666667,0,0.038461538,Denis Cheryshev
יאקוב מודר,6,0,M,פולין,0.436063523,0,0,סלובקיה,0.127690038,0,0,4,318,1,0,0.4,6.56,0.5,0.42287234,0.076923077,0,0.038461538,Jakub Moder
מגומד אוזדויב,5,0,M,רוסיה,0.366186019,0,0,בלגיה,0.917906311,0,0,8,711,1,0,0.75,6.86,1,1,0.066666667,0,0.038461538,Magomed Ozdoev
מתאוש קליש,5,0,M,פולין,0.436063523,0,0,סלובקיה,0.127690038,0,0,4,336,0,1,0.2,6.39,0.5,0.446808511,0,0.076923077,0.038461538,Mateusz Klich
קרול לינטי,5,0,M,פולין,0.436063523,0,0,סלובקיה,0.127690038,0,0,2,197,1,0,1.2,6.58,0.25,0.261968085,0.076923077,0,0.038461538,Karol Linetty
דניל פומין,3,0,M,רוסיה,0.366186019,0,0,בלגיה,0.917906311,0,0,1,69,0,1,1,6.56,0.125,0.097046414,0,0.090909091,0.038461538,Daniil Fomin
ארקדיוש מיליק,10,0,FW,פולין,0.436063523,0,0,סלובקיה,0.127690038,0,0,3,374,0,1,1.45,6.385,0.375,0.497340426,0,0.076923077,0.038461538,Arkadiusz Milik
אלכסנדר סובולב,6,0,FW,רוסיה,0.366186019,0,0,בלגיה,0.917906311,0,0,0,41,1,0,0.75,6.505,0,0.05766526,0.066666667,0,0.038461538,Alexander Sobolev
קרול סוידרסקי,6,0,FW,פולין,0.436063523,0,0,סלובקיה,0.127690038,0,0,1,73,1,0,1,6.52,0.125,0.097074468,0.076923077,0,0.038461538,Karol Swiderski
אנטוניו רודיגר,9,0,D,גרמניה,0.760331273,0,0,צרפת,0.957189817,0,0,8,720,0,1,0.85,6.83,1,0.982264666,0,0.083333333,0.037037037,Antonio Rüdiger
רובין גוסנס,7,0,D,גרמניה,0.760331273,0,0,צרפת,0.957189817,0,0,4,281,0,1,0.15,6.38,0.5,0.383356071,0,0.083333333,0.037037037,Robin Gosens
פאבל קדז'אבק,5,0,D,צ`כיה,0.432833983,0,0,סקוטלנד,0.187972318,0,0,1,133,0,1,0.75,6.47,0.142857143,0.211111111,0,0.083333333,0.037037037,Pavel Kaderábek
גיוקו זייקוב,3,0,D,צפון מקדוניה,0.027572701,0,0,אוסטריה,0.427429304,0,0,3,275,1,0,0.5,6.94,0.333333333,0.362796834,0.058823529,0,0.037037037,Gjoko Zajkov
אנטונין באראק,6,0,M,צ`כיה,0.432833983,0,0,סקוטלנד,0.187972318,0,0,2,148,1,0,0.35,6.445,0.285714286,0.234920635,0.066666667,0,0.037037037,Antonin Barak
יאקוב פשק,4,0,M,צ`כיה,0.432833983,0,0,סקוטלנד,0.187972318,0,0,1,76,1,0,3,7.18,0.142857143,0.120634921,0.066666667,0,0.037037037,Jakub Pesek
סטפן ספירובסקי,3,0,M,צפון מקדוניה,0.027572701,0,0,אוסטריה,0.427429304,0,0,4,366,0,1,0.9,6.445,0.444444444,0.482849604,0,0.1,0.037037037,Stefan Spirovski
איבן טריקובסקי,5,0,FW,צפון מקדוניה,0.027572701,0,0,אוסטריה,0.427429304,0,0,4,324,1,0,2,6.45,0.444444444,0.427440633,0.058823529,0,0.037037037,Ivan Trichkovski
מאתיי וידרה,5,0,FW,צ`כיה,0.432833983,0,0,סקוטלנד,0.187972318,0,0,2,217,1,0,1,6.19,0.285714286,0.344444444,0.066666667,0,0.037037037,Matej Vydra
מיכאל קרמנצ'יק,5,0,FW,צ`כיה,0.432833983,0,0,סקוטלנד,0.187972318,0,0,1,161,1,0,1,6.41,0.142857143,0.255555556,0.066666667,0,0.037037037,Michael Krmencik
ולאטקו סטויאנובסקי,3,0,FW,צפון מקדוניה,0.027572701,0,0,אוסטריה,0.427429304,0,0,1,154,1,0,1,6.385,0.111111111,0.203166227,0.058823529,0,0.037037037,Vlatko Stojanovski
אדם לאנג,5,0,D,הונגריה,0.151661633,0,0,פורטוגל,0.823428402,0,0,6,564,0,1,0.25,6.51,0.75,0.783333333,0,0.090909091,0.035714286,Ádám Lang
אטילה סאלאי,4,0,D,הונגריה,0.151661633,0,0,פורטוגל,0.823428402,0,0,8,720,0,1,0.55,7.18,1,1,0,0.090909091,0.035714286,Attila Szalai
אטילה פיולה,4,0,D,הונגריה,0.151661633,0,0,פורטוגל,0.823428402,0,0,8,720,0,1,0.55,7.18,1,1,0,0.090909091,0.035714286,Attila Szalai
ווילי אורבאן,4,0,D,הונגריה,0.151661633,0,0,פורטוגל,0.823428402,0,0,5,484,1,0,0.9,6.94,0.625,0.672222222,0.058823529,0,0.035714286,Willi Orban
לויק נגו,4,0,D,הונגריה,0.151661633,0,0,פורטוגל,0.823428402,0,0,3,302,1,0,0.65,6.575,0.375,0.419444444,0.058823529,0,0.035714286,Loic Nego
אנדרה בוטקה,3,0,D,הונגריה,0.151661633,0,0,פורטוגל,0.823428402,0,0,4,361,0,1,0.15,7.285,0.5,0.501388889,0,0.090909091,0.035714286,Endre Botka
לאסלו קליינהייזלר,5,0,M,הונגריה,0.151661633,0,0,פורטוגל,0.823428402,0,0,2,200,1,0,2.3,6.74,0.25,0.277777778,0.058823529,0,0.035714286,László Kleinheisler
קווין וארגה,5,0,M,הונגריה,0.151661633,0,0,פורטוגל,0.823428402,0,0,1,171,1,0,0.9,6.79,0.125,0.2375,0.058823529,0,0.035714286,Kevin Varga
דויד סיגר,3,0,M,הונגריה,0.151661633,0,0,פורטוגל,0.823428402,0,0,6,472,1,0,0.85,6.555,0.75,0.655555556,0.058823529,0,0.035714286,Dávid Miklós Sigér
דניאל גזדג,3,0,M,הונגריה,0.151661633,0,0,פורטוגל,0.823428402,0,0,3,246,1,0,0.75,6.78,0.375,0.341666667,0.058823529,0,0.035714286,Daniel Gazdag
בן צ'ילוול,9,0,D,אנגליה,0.869360908,0,0,קרואטיה,0.555678913,0,0,3,218,0,1,0.25,6.795,0.375,0.30878187,0,0.076923077,0.034482759,Ben Chilwell
ג'ון סטונס,8,0,D,אנגליה,0.869360908,0,0,קרואטיה,0.555678913,0,0,3,226,0,1,0.7,6.53,0.375,0.320113314,0,0.076923077,0.034482759,John Stones
הארי מגווייר,8,0,D,אנגליה,0.869360908,0,0,קרואטיה,0.555678913,0,0,5,391,1,0,0.75,6.93,0.625,0.553824363,0.0625,0,0.034482759,Harry Maguire
לוק שואו,6,0,D,אנגליה,0.869360908,0,0,קרואטיה,0.555678913,0,0,1,90,0,1,0,7.91,0.125,0.127478754,0,0.076923077,0.034482759,Luke Shaw
קירן טריפייר,6,0,D,אנגליה,0.869360908,0,0,קרואטיה,0.555678913,0,0,5,470,0,1,0.1,6.795,0.625,0.66572238,0,0.076923077,0.034482759,Kieran Trippier
ריס ג'יימס,5,0,D,אנגליה,0.869360908,0,0,קרואטיה,0.555678913,0,0,2,151,0,1,0.5,6.585,0.25,0.21388102,0,0.076923077,0.034482759,Reece James
ג'יידון סאנצ'ו,13,0,M,אנגליה,0.869360908,0,0,קרואטיה,0.555678913,0,0,2,185,0,1,0.2,6.3,0.25,0.26203966,0,0.076923077,0.034482759,Jadon Sancho
מרכוס רשפורד,12,0,M,אנגליה,0.869360908,0,0,קרואטיה,0.555678913,0,0,2,162,1,0,2.5,6.64,0.25,0.229461756,0.0625,0,0.034482759,Marcus Rashford
דקלאן רייס,6,0,M,אנגליה,0.869360908,0,0,קרואטיה,0.555678913,0,0,8,706,1,0,0.5,7.27,1,1,0.0625,0,0.034482759,Declan Rice
רפאל גריירו,8,0,D,פורטוגל,0.823428402,0,0,הונגריה,0.151661633,0,0,5,449,0,1,1,7.23,0.555555556,0.554320988,0,0.071428571,0.032258065,Raphael Guerreiro
פפה,7,0,D,פורטוגל,0.823428402,0,0,הונגריה,0.151661633,0,0,4,360,0,1,1,7.43,0.444444444,0.444444444,0,0.071428571,0.032258065,Pepe
יואקים מהלה,7,0,D,דנמרק,0.745811724,0,0,פינלנד,0.046976823,0,0,3,340,1,0,0.75,6.785,0.333333333,0.44386423,0.05,0,0.032258065,Joakim Maehle
ינס סטרייגר לארסן,5,0,D,דנמרק,0.745811724,0,0,פינלנד,0.046976823,0,0,2,185,1,0,0.15,6.47,0.222222222,0.24151436,0.05,0,0.032258065,Jens Stryger Larsen
ניקולאי בוילסן,4,0,D,דנמרק,0.745811724,0,0,פינלנד,0.046976823,0,0,1,90,0,1,0,8.42,0.111111111,0.117493473,0,0.090909091,0.032258065,Nicolai Boilesen
ברונו פרננדש,11,0,M,פורטוגל,0.823428402,0,0,הונגריה,0.151661633,0,0,7,601,0,1,2.75,7.27,0.777777778,0.741975309,0,0.071428571,0.032258065,Bruno Fernandes
וויליאם קרבאליו,5,0,M,פורטוגל,0.823428402,0,0,הונגריה,0.151661633,0,0,3,224,0,1,0.3,6.88,0.333333333,0.27654321,0,0.071428571,0.032258065,William Carvalho
ז'ואאו פלהיניה,5,0,M,פורטוגל,0.823428402,0,0,הונגריה,0.151661633,0,0,0,25,1,0,0.3,6.48,0,0.030864198,0.058823529,0,0.032258065,João Palhinha
מתיאס ינסן,4,0,M,דנמרק,0.745811724,0,0,פינלנד,0.046976823,0,0,2,168,1,0,0.5,7.34,0.222222222,0.219321149,0.05,0,0.032258065,Mathias Jensen
אנדרה סילבה,9,0,FW,פורטוגל,0.823428402,0,0,הונגריה,0.151661633,0,0,1,93,1,0,0.75,6.625,0.111111111,0.114814815,0.058823529,0,0.032258065,André Silva
דונייל מאלן,8,0,FW,הולנד,0.74441658,0,0,אוקראינה,0.398685614,0,0,3,264,1,0,2,6.535,0.333333333,0.325925926,0.055555556,0,0.03125,Donyell Malen
פדרי,7,0,M,ספרד,0.786374111,0,0,שבדיה,0.615554302,0,0,2,185,0,1,0.7,6.79,0.285714286,0.288611544,0,0.0625,0.028571429,Pedri
רודרי,6,0,M,ספרד,0.786374111,0,0,שבדיה,0.615554302,0,0,4,349,1,0,0.65,6.885,0.571428571,0.544461778,0.052631579,0,0.028571429,Rodri
טובי אלדרווירלד,8,0,D,בלגיה,0.917906311,0,0,רוסיה,0.366186019,0,0,9,810,0,1,0.75,7.105,1,1,0,0.05,0.020833333,Toby Alderweireld
ג'ייסון דנאייר,7,0,D,בלגיה,0.917906311,0,0,רוסיה,0.366186019,0,0,8,721,1,0,0.1,6.735,0.888888889,0.890123457,0.035714286,0,0.020833333,Jason Denayer
אקסל ויטסל,6,0,M,בלגיה,0.917906311,0,0,רוסיה,0.366186019,0,0,5,450,1,0,1.4,7.03,0.555555556,0.555555556,0.035714286,0,0.020833333,Axel Witsel
לאנדר דנדונקר,6,0,M,בלגיה,0.917906311,0,0,רוסיה,0.366186019,0,0,3,296,0,1,0.15,6.835,0.333333333,0.365432099,0,0.05,0.020833333,Leander Dendoncker
כריסטיאן בנטקה,9,0,FW,בלגיה,0.917906311,0,0,רוסיה,0.366186019,0,0,0,26,1,0,3,7.55,0,0.032098765,0.035714286,0,0.020833333,Christian Benteke
הוגו לוריס,10,0,GK,צרפת,0.957189817,0,0,גרמניה,0.760331273,0,0,9,810,0,0,0,6.75,1,1,0,0,0,Hugo Lloris
אונאי סימון,9,0,GK,ספרד,0.786374111,0,0,שבדיה,0.615554302,0,0,5,450,0,0,0,6.12,0.714285714,0.702028081,0,0,0,Unai Simón
טיבו קורטואה,9,0,GK,בלגיה,0.917906311,0,0,רוסיה,0.366186019,0,0,4,360,0,0,0,6.385,0.444444444,0.444444444,0,0,0,Thibaut Courtois
מנואל נוייר,9,0,GK,גרמניה,0.760331273,0,0,צרפת,0.957189817,0,0,6,540,0,0,0,6.505,0.75,0.736698499,0,0,0,Manuel Neuer
ג'אנלואיג'י דונארומה,8,0,GK,איטליה,0.920883711,0,0,טורקיה,0.63379322,0,0,9,810,0,0,0,6.865,1,1,0,0,0,Gianluigi Donnarumma
ג'ורדן פיקפורד,8,0,GK,אנגליה,0.869360908,0,0,קרואטיה,0.555678913,0,0,6,540,0,0,0,6.35,0.75,0.764872521,0,0,0,Jordan Pickford
יספר סילסן,8,0,GK,הולנד,0.74441658,0,0,אוקראינה,0.398685614,0,0,4,360,0,0,0,6.64,0.444444444,0.444444444,0,0,0,Jasper Cillessen
רוי פטריסיו,8,0,GK,פורטוגל,0.823428402,0,0,הונגריה,0.151661633,0,0,4,360,0,0,0,6.91,0.444444444,0.444444444,0,0,0,Rui Patrício
דומיניק ליבאקוביץ',7,0,GK,קרואטיה,0.555678913,0,0,אנגליה,0.869360908,0,0,9,810,0,0,0,6.39,1,1,0,0,0,Dominik Livakovic
ווייצ'ך שצ'סני,7,0,GK,פולין,0.436063523,0,0,סלובקיה,0.127690038,0,0,6,540,0,0,0,6.45,0.75,0.718085106,0,0,0,Wojciech Szczesny
יאן זומר,7,0,GK,שווייץ,0.63472205,0,0,וויילס,0.437580963,0,0,7,630,0,0,0,6.475,1,1,0,0,0,Yann Sommer
קספר שמייכל,7,0,GK,דנמרק,0.745811724,0,0,פינלנד,0.046976823,0,0,9,766,0,0,0,6.65,1,1,0,0,0,Kasper Schmeichel
אואורג'אן צ'אקיר,6,0,GK,טורקיה,0.63379322,0,0,איטליה,0.920883711,0,0,4,360,0,0,0,6.6,0.5,0.530973451,0,0,0,Ugurcan Çakir
אלכסנדר שלאגר,6,0,GK,אוסטריה,0.427429304,0,0,צפון מקדוניה,0.027572701,0,0,5,450,0,0,0,5.705,0.555555556,0.565326633,0,0,0,Alexander Schlager
אנדרי פיאטוב,6,0,GK,אוקראינה,0.398685614,0,0,הולנד,0.74441658,0,0,3,270,0,0,0,6.12,0.428571429,0.428571429,0,0,0,Andriy Pyatov
אנטון שונין,6,0,GK,רוסיה,0.366186019,0,0,בלגיה,0.917906311,0,0,7,630,0,0,0,6.655,0.875,0.886075949,0,0,0,Anton Shunin
דויד דה חאה,6,0,GK,ספרד,0.786374111,0,0,שבדיה,0.615554302,0,0,4,360,0,0,0,6.92,0.571428571,0.561622465,0,0,0,David de Gea
לוקאש פביאנסקי,6,0,GK,פולין,0.436063523,0,0,סלובקיה,0.127690038,0,0,3,270,0,0,0,6.61,0.375,0.359042553,0,0,0,Lukasz Fabianski
רובין אולסן,6,0,GK,שבדיה,0.615554302,0,0,ספרד,0.786374111,0,0,6,540,0,0,0,6.39,0.75,0.773638968,0,0,0,Robin Olsen
תומאש ואצליק,6,0,GK,צ`כיה,0.432833983,0,0,סקוטלנד,0.187972318,0,0,7,586,0,0,0,6.48,1,0.93015873,0,0,0,Tomás Vaclik
ברנד לנו,5,0,GK,גרמניה,0.760331273,0,0,צרפת,0.957189817,0,0,1,90,0,0,0,6.96,0.125,0.122783083,0,0,0,Bernd Leno
טים קרול,5,0,GK,הולנד,0.74441658,0,0,אוקראינה,0.398685614,0,0,5,450,0,0,0,6.225,0.555555556,0.555555556,0,0,0,Tim Krul
מרטין דוברבקה,5,0,GK,סלובקיה,0.127690038,0,0,פולין,0.436063523,0,0,1,90,0,0,0,7.3,0.142857143,0.142857143,0,0,0,Martin Dúbravka
קרייג גורדון,5,0,GK,סקוטלנד,0.187972318,0,0,צ`כיה,0.432833983,0,0,2,180,0,0,0,6.66,0.25,0.25,0,0,0,Craig Gordon
אנתוני לופס,4,0,GK,פורטוגל,0.823428402,0,0,הונגריה,0.151661633,0,0,5,450,0,0,0,6.405,0.555555556,0.555555556,0,0,0,Anthony Lopes
וויין הנסי,4,0,GK,וויילס,0.437580963,0,0,שווייץ,0.63472205,0,0,4,360,0,0,0,6.58,0.5,0.5,0,0,0,Danny Ward
לוקאס הרדצקי,4,0,GK,פינלנד,0.046976823,0,0,דנמרק,0.745811724,0,0,6,540,0,0,0.2,7.03,0.75,0.764872521,0,0,0,Lukás Hrádecky
סטולה דימיטרייבסקי,4,0,GK,צפון מקדוניה,0.027572701,0,0,אוסטריה,0.427429304,0,0,4,337,0,0,0,6.155,0.444444444,0.444591029,0,0,0,Stole Dimitrievski
סיימון מיניולה,4,0,GK,בלגיה,0.917906311,0,0,רוסיה,0.366186019,0,0,4,395,0,0,0,6.565,0.444444444,0.487654321,0,0,0,Simon Mignolet
פיטר גולאצ'י,4,0,GK,הונגריה,0.151661633,0,0,פורטוגל,0.823428402,0,0,4,360,0,0,0,6.015,0.5,0.5,0,0,0,Péter Gulácsi
אדם דייויס,3,0,GK,וויילס,0.437580963,0,0,שווייץ,0.63472205,0,0,0,11,0,0,0,6.13,0,0.015277778,0,0,0,Adam Davies
אלש מנדוס,3,0,GK,צ`כיה,0.432833983,0,0,סקוטלנד,0.187972318,0,0,1,90,0,0,0,5.91,0.142857143,0.142857143,0,0,0,Ales Mandous
ג'ון מקלולין,3,0,GK,סקוטלנד,0.187972318,0,0,צ`כיה,0.432833983,0,0,4,406,0,0,0.55,6.735,0.5,0.563888889,0,0,0,Kenny McLean
דושאן קוציאק,3,0,GK,סלובקיה,0.127690038,0,0,פולין,0.436063523,0,0,3,270,0,0,0,6.135,0.428571429,0.428571429,0,0,0,Dusan Kuciak
דייויד מרשל,3,0,GK,סקוטלנד,0.187972318,0,0,צ`כיה,0.432833983,0,0,7,630,0,0,0,6.62,0.875,0.875,0,0,0,David Marshall
דמיאן סיסקובסקי,3,0,GK,צפון מקדוניה,0.027572701,0,0,אוסטריה,0.427429304,0,0,5,469,0,0,0,6.68,0.555555556,0.618733509,0,0,0,Damjan Siskovski
דנש דיבוס,3,0,GK,הונגריה,0.151661633,0,0,פורטוגל,0.823428402,0,0,5,450,0,0,0,6.69,0.625,0.625,0,0,0,Dénes Dibusz
כריסטופר נורדפלט,3,0,GK,שבדיה,0.615554302,0,0,ספרד,0.786374111,0,0,2,180,0,0,0,6.98,0.25,0.257879656,0,0,0,Kristoffer Nordfeldt
מארק רודאק,3,0,GK,סלובקיה,0.127690038,0,0,פולין,0.436063523,0,0,3,270,0,0,0,7.28,0.428571429,0.428571429,0,0,0,Marek Rodák
פאבאו פרבאן,3,0,GK,אוסטריה,0.427429304,0,0,צפון מקדוניה,0.027572701,0,0,4,360,0,0,0,6.7,0.444444444,0.452261307,0,0,0,Pavao Pervan
קווין טראפ,3,0,GK,גרמניה,0.760331273,0,0,צרפת,0.957189817,0,0,1,90,0,0,0,7.11,0.125,0.122783083,0,0,0,Kevin Trapp
תומאש קובק,3,0,GK,צ`כיה,0.432833983,0,0,סקוטלנד,0.187972318,0,0,0,45,0,0,0,6.54,0,0.071428571,0,0,0,Tomás Koubek
רפאל וראן,10,0,D,צרפת,0.957189817,0,0,גרמניה,0.760331273,0,0,7,586,0,0,0.75,6.8,0.777777778,0.72345679,0,0,0,Raphael Varane
טרנט אלכסנדר-ארנולד,9,0,D,אנגליה,0.869360908,0,0,קרואטיה,0.555678913,0,0,2,183,0,0,0.3,6.28,0.25,0.259206799,0,0,0,Trent Alexander-Arnold
לוקאס הרננדז,9,0,D,צרפת,0.957189817,0,0,גרמניה,0.760331273,0,0,6,503,0,0,0.6,6.645,0.666666667,0.620987654,0,0,0,Lucas Hernández
מרקוס יורנטה,9,0,D,ספרד,0.786374111,0,0,שבדיה,0.615554302,0,0,2,205,0,0,0.7,6.65,0.285714286,0.319812793,0,0,0,Marcos Llorente
פרסנל קמפמבה,9,0,D,צרפת,0.957189817,0,0,גרמניה,0.760331273,0,0,6,540,0,0,0.65,7.045,0.666666667,0.666666667,0,0,0,Presnel Kimpembe
אלסנדרו באסטוני,8,0,D,איטליה,0.920883711,0,0,טורקיה,0.63379322,0,0,3,269,0,0,0.5,7.185,0.333333333,0.332098765,0,0,0,Alessandro Bastoni
דיילי בלינד,8,0,D,הולנד,0.74441658,0,0,אוקראינה,0.398685614,0,0,7,563,0,0,0.65,6.555,0.777777778,0.695061728,0,0,0,Daley Blind
יאן ורטונגן,8,0,D,בלגיה,0.917906311,0,0,רוסיה,0.366186019,0,0,7,604,0,0,0,7.055,0.777777778,0.745679012,0,0,0,Jan Vertonghen
לאונרדו בונוצ'י,8,0,D,איטליה,0.920883711,0,0,טורקיה,0.63379322,0,0,6,540,0,0,0.75,7.045,0.666666667,0.666666667,0,0,0,Leonardo Bonucci
מתייס דה ליכט,8,0,D,הולנד,0.74441658,0,0,אוקראינה,0.398685614,0,0,3,270,0,0,1.7,7.61,0.333333333,0.333333333,0,0,0,Matthijs de Ligt
פאו טורס,8,0,D,ספרד,0.786374111,0,0,שבדיה,0.615554302,0,0,6,540,0,0,0.2,6.89,0.857142857,0.842433697,0,0,0,Pau Torres
קייל ווקר,8,0,D,אנגליה,0.869360908,0,0,קרואטיה,0.555678913,0,0,7,584,0,0,0.55,6.61,0.875,0.827195467,0,0,0,Kyle Walker
אמרסון,7,0,D,איטליה,0.920883711,0,0,טורקיה,0.63379322,0,0,5,401,0,0,1.75,7.23,0.555555556,0.495061728,0,0,0,Emerson
אמרה צ'אן,7,0,D,גרמניה,0.760331273,0,0,צרפת,0.957189817,0,0,4,386,0,0,0.75,6.83,0.5,0.526603001,0,0,0,Emre Can
אנדראס כריסטנסן,7,0,D,דנמרק,0.745811724,0,0,פינלנד,0.046976823,0,0,8,676,0,0,0.25,7.005,0.888888889,0.882506527,0,0,0,Andreas Christensen
אריק גרסיה,7,0,D,ספרד,0.786374111,0,0,שבדיה,0.615554302,0,0,3,342,0,0,0.35,6.625,0.428571429,0.533541342,0,0,0,Eric García
ג'יורג'יו קייליני,7,0,D,איטליה,0.920883711,0,0,טורקיה,0.63379322,0,0,3,270,0,0,0,7.57,0.333333333,0.333333333,0,0,0,Giorgio Chiellini
דומאגוי וידה,7,0,D,קרואטיה,0.555678913,0,0,אנגליה,0.869360908,0,0,4,393,0,0,0.5,6.325,0.444444444,0.485185185,0,0,0,Domagoj Vida
דניאל ואס,7,0,D,דנמרק,0.745811724,0,0,פינלנד,0.046976823,0,0,8,700,0,0,0.9,7.26,0.888888889,0.91383812,0,0,0,Daniel Wass
ויקטור לינדלוף,7,0,D,שבדיה,0.615554302,0,0,ספרד,0.786374111,0,0,7,606,0,0,0.35,6.875,0.875,0.868194842,0,0,0,Victor Lindelöf
ז'וזה פונטה,7,0,D,פורטוגל,0.823428402,0,0,הונגריה,0.151661633,0,0,3,270,0,0,1,6.455,0.333333333,0.333333333,0,0,0,José Fonte
יאן בדנארק,7,0,D,פולין,0.436063523,0,0,סלובקיה,0.127690038,0,0,7,630,0,0,0,6.335,0.875,0.837765957,0,0,0,Jan Bednarek
יואל פלטמן,7,0,D,הולנד,0.74441658,0,0,אוקראינה,0.398685614,0,0,2,193,0,0,0,6.68,0.222222222,0.238271605,0,0,0,Joël Veltman
לאונרדו ספינצולה,7,0,D,איטליה,0.920883711,0,0,טורקיה,0.63379322,0,0,3,320,0,0,0.6,7.03,0.333333333,0.395061728,0,0,0,Leonardo Spinazzola
מנואל אקנג'י,7,0,D,שווייץ,0.63472205,0,0,וויילס,0.437580963,0,0,5,450,0,0,0.4,6.71,0.714285714,0.714285714,0,0,0,Manuel Akanji
מרסל הלסטנברג,7,0,D,גרמניה,0.760331273,0,0,צרפת,0.957189817,0,0,1,123,0,0,0,6.33,0.125,0.167803547,0,0,0,Marcel Halstenberg
נונו מנדש,7,0,D,פורטוגל,0.823428402,0,0,הונגריה,0.151661633,0,0,2,198,0,0,0.3,7.28,0.222222222,0.244444444,0,0,0,Nuno Mendes
ניקו אלבדי,7,0,D,שווייץ,0.63472205,0,0,וויילס,0.437580963,0,0,7,619,0,0,0.6,6.89,1,0.982539683,0,0,0,Nico Elvedi
סטפן דה פריי,7,0,D,הולנד,0.74441658,0,0,אוקראינה,0.398685614,0,0,4,360,0,0,0.8,6.9,0.444444444,0.444444444,0,0,0,Stefan de Vrij
סיימון קיאר,7,0,D,דנמרק,0.745811724,0,0,פינלנד,0.046976823,0,0,7,649,0,0,0.75,7.06,0.777777778,0.847258486,0,0,0,Simon Kjaer
פביאן שר,7,0,D,שווייץ,0.63472205,0,0,וויילס,0.437580963,0,0,2,180,0,0,0,5.23,0.285714286,0.285714286,0,0,0,Fabian Schär
קורט זומה,7,0,D,צרפת,0.957189817,0,0,גרמניה,0.760331273,0,0,1,135,0,0,0.5,6.555,0.111111111,0.166666667,0,0,0,Kurt Zouma
שימה ורסאליקו,7,0,D,קרואטיה,0.555678913,0,0,אנגליה,0.869360908,0,0,2,136,0,0,0.5,6.49,0.222222222,0.167901235,0,0,0,Sime Vrsaljko
תומאס ורמאלן,7,0,D,בלגיה,0.917906311,0,0,רוסיה,0.366186019,0,0,1,46,0,0,0,6.3,0.111111111,0.056790123,0,0,0,Thomas Vermaelen
אוזן קאבאק,6,0,D,טורקיה,0.63379322,0,0,איטליה,0.920883711,0,0,5,480,0,0,0.15,6.55,0.625,0.707964602,0,0,0,Ozan Kabak
אמיל קראפט,6,0,D,שבדיה,0.615554302,0,0,ספרד,0.786374111,0,0,1,120,0,0,0,6.185,0.125,0.171919771,0,0,0,Emil Krafth
בן דייויס,6,0,D,וויילס,0.437580963,0,0,שווייץ,0.63472205,0,0,5,450,0,0,0.4,7.12,0.625,0.625,0,0,0,Ben Davies
ג'ובאני די לורנצו,6,0,D,איטליה,0.920883711,0,0,טורקיה,0.63379322,0,0,0,68,0,0,0.5,6.475,0,0.083950617,0,0,0,Giovanni Di Lorenzo
גיאורגי דז'יקיה,6,0,D,רוסיה,0.366186019,0,0,בלגיה,0.917906311,0,0,7,630,0,0,0.75,6.345,0.875,0.886075949,0,0,0,Georgi Dzhikiya
דדריק בויאטה,6,0,D,בלגיה,0.917906311,0,0,רוסיה,0.366186019,0,0,2,226,0,0,0,6.275,0.222222222,0.279012346,0,0,0,Dedryck Boyata
דוייה צ'אלטה-צאר,6,0,D,קרואטיה,0.555678913,0,0,אנגליה,0.869360908,0,0,5,450,0,0,0,6.73,0.555555556,0.555555556,0,0,0,Duje Caleta-Car
טיירון מינגס,6,0,D,אנגליה,0.869360908,0,0,קרואטיה,0.555678913,0,0,1,215,0,0,0,6.47,0.125,0.304532578,0,0,0,Tyrone Mings
טימותי קסטאן,6,0,D,בלגיה,0.917906311,0,0,רוסיה,0.366186019,0,0,3,298,0,0,0.75,6.45,0.333333333,0.367901235,0,0,0,Timothy Castagne
יאניק וסטרגארד,6,0,D,דנמרק,0.745811724,0,0,פינלנד,0.046976823,0,0,2,196,0,0,0,7.06,0.222222222,0.255874674,0,0,0,Jannik Vestergaard
יואקים אנדרסן,6,0,D,דנמרק,0.745811724,0,0,פינלנד,0.046976823,0,0,1,128,0,0,0,6.94,0.111111111,0.167101828,0,0,0,Joachim Andersen
יורי ז'ירקוב,6,0,D,רוסיה,0.366186019,0,0,בלגיה,0.917906311,0,0,7,564,0,0,0.85,6.46,0.875,0.793248945,0,0,0,Yuri Zhirkov
לאו דובואה,6,0,D,צרפת,0.957189817,0,0,גרמניה,0.760331273,0,0,2,178,0,0,0,6.775,0.222222222,0.219753086,0,0,0,Léo Dubois
לוקאס קלוסטרמן,6,0,D,גרמניה,0.760331273,0,0,צרפת,0.957189817,0,0,4,360,0,0,0.25,6.84,0.5,0.491132333,0,0,0,Lukas Klostermann
מיכל הליק,6,0,D,פולין,0.436063523,0,0,סלובקיה,0.127690038,0,0,2,112,0,0,0,5.73,0.25,0.14893617,0,0,0,Michal Helik
מריח דמיראל,6,0,D,טורקיה,0.63379322,0,0,איטליה,0.920883711,0,0,5,450,0,0,0.6,6.64,0.625,0.663716814,0,0,0,Merih Demiral
נייתן אקה,6,0,D,הולנד,0.74441658,0,0,אוקראינה,0.398685614,0,0,3,265,0,0,0.5,6.7,0.333333333,0.327160494,0,0,0,Nathan Aké
נלסון סמדו,6,0,D,פורטוגל,0.823428402,0,0,הונגריה,0.151661633,0,0,2,180,0,0,0.5,7.53,0.222222222,0.222222222,0,0,0,Nélson Semedo
פדור קודריאשוב,6,0,D,רוסיה,0.366186019,0,0,בלגיה,0.917906311,0,0,6,540,0,0,0,6.41,0.75,0.759493671,0,0,0,Fedor Kudryashov
פרנצ'סקו אצ'רבי,6,0,D,איטליה,0.920883711,0,0,טורקיה,0.63379322,0,0,5,451,0,0,0.9,6.97,0.555555556,0.556790123,0,0,0,Francesco Acerbi
קווין אמבאבו,6,0,D,שווייץ,0.63472205,0,0,וויילס,0.437580963,0,0,2,180,0,0,0,6.085,0.285714286,0.285714286,0,0,0,Kevin Mbabu
קלמון לנגלה,6,0,D,צרפת,0.957189817,0,0,גרמניה,0.760331273,0,0,3,270,0,0,0.75,6.91,0.333333333,0.333333333,0,0,0,Clément Lenglet
רפאל טולוי,6,0,D,איטליה,0.920883711,0,0,טורקיה,0.63379322,0,0,1,90,0,0,0,7.12,0.111111111,0.111111111,0,0,0,Rafael Tolói
תומאש קדזיורה,6,0,D,פולין,0.436063523,0,0,סלובקיה,0.127690038,0,0,5,432,0,0,0,6.79,0.625,0.574468085,0,0,0,Tomasz Kedziora
אונדרי צ'לוסטקה,5,0,D,צ`כיה,0.432833983,0,0,סקוטלנד,0.187972318,0,0,6,465,0,0,0.85,6.535,0.857142857,0.738095238,0,0,0,Ondrej Celustka
ג'ו רודון,5,0,D,וויילס,0.437580963,0,0,שווייץ,0.63472205,0,0,6,540,0,0,0.65,7.065,0.75,0.75,0,0,0,Joe Rodon
ג'יאנלוקה מנצ'יני,5,0,D,איטליה,0.920883711,0,0,טורקיה,0.63379322,0,0,1,90,0,0,1,7.76,0.111111111,0.111111111,0,0,0,Gianluca Mancini
ג'יימס לורנס,5,0,D,וויילס,0.437580963,0,0,שווייץ,0.63472205,0,0,3,226,0,0,0,6.475,0.375,0.313888889,0,0,0,James Lawrence
דומאגוי בראדריץ',5,0,D,קרואטיה,0.555678913,0,0,אנגליה,0.869360908,0,0,1,118,0,0,0,6.29,0.111111111,0.145679012,0,0,0,Domagoj Bradaric
דייגו יורנטה,5,0,D,ספרד,0.786374111,0,0,שבדיה,0.615554302,0,0,1,46,0,0,0,6.04,0.142857143,0.071762871,0,0,0,Diego Llorente
דניס ואברו,5,0,D,סלובקיה,0.127690038,0,0,פולין,0.436063523,0,0,1,90,0,0,0,6.54,0.142857143,0.142857143,0,0,0,Denis Vavro
יאן בוז'יל,5,0,D,צ`כיה,0.432833983,0,0,סקוטלנד,0.187972318,0,0,6,540,0,0,1,6.845,0.857142857,0.857142857,0,0,0,Jan Boril
כריס מפהאם,5,0,D,וויילס,0.437580963,0,0,שווייץ,0.63472205,0,0,5,416,0,0,0.15,6.82,0.625,0.577777778,0,0,0,Chris Mepham
לובומיר שאטקה,5,0,D,סלובקיה,0.127690038,0,0,פולין,0.436063523,0,0,2,180,0,0,0,6.595,0.285714286,0.285714286,0,0,0,Lubomír Satka
לוריס בניטו,5,0,D,שווייץ,0.63472205,0,0,וויילס,0.437580963,0,0,2,176,0,0,0.7,6.57,0.285714286,0.279365079,0,0,0,Loris Benito
מרט מולדר,5,0,D,טורקיה,0.63379322,0,0,איטליה,0.920883711,0,0,3,270,0,0,0,6.96,0.375,0.398230088,0,0,0,Mert Müldür
מרטין אולסון,5,0,D,שבדיה,0.615554302,0,0,ספרד,0.786374111,0,0,0,2,0,0,0,6.01,0,0.00286533,0,0,0,Martin Olsson
פאבל דוידוביץ',5,0,D,פולין,0.436063523,0,0,סלובקיה,0.127690038,0,0,0,31,0,0,0,6.42,0,0.041223404,0,0,0,Pawel Dawidowicz
פונטוס ינסון,5,0,D,שבדיה,0.615554302,0,0,ספרד,0.786374111,0,0,4,360,0,0,0.3,6.03,0.5,0.515759312,0,0,0,Pontus Jansson
פיליפ הלנדר,5,0,D,שבדיה,0.615554302,0,0,ספרד,0.786374111,0,0,3,294,0,0,0.25,6.74,0.375,0.421203438,0,0,0,Filip Helander
פיליפ לינהרט,5,0,D,אוסטריה,0.427429304,0,0,צפון מקדוניה,0.027572701,0,0,1,90,0,0,0,6.75,0.111111111,0.113065327,0,0,0,Philipp Lienhart
קונור קודי,5,0,D,אנגליה,0.869360908,0,0,קרואטיה,0.555678913,0,0,3,270,0,0,0.25,6.81,0.375,0.382436261,0,0,0,Conor Coady
קונור רוברטס,5,0,D,וויילס,0.437580963,0,0,שווייץ,0.63472205,0,0,6,502,0,0,0.15,6.16,0.75,0.697222222,0,0,0,Connor Roberts
קמיל פיאטקובסקי,5,0,D,פולין,0.436063523,0,0,סלובקיה,0.127690038,0,0,1,90,0,0,0,7.06,0.125,0.119680851,0,0,0,Kamil Piatkowski
רובין קוך,5,0,D,גרמניה,0.760331273,0,0,צרפת,0.957189817,0,0,2,181,0,0,0.3,6.02,0.25,0.246930423,0,0,0,Robin Koch
שטפן פוש,5,0,D,אוסטריה,0.427429304,0,0,צפון מקדוניה,0.027572701,0,0,2,225,0,0,0.5,6.385,0.222222222,0.282663317,0,0,0,Stefan Posch
תומאס קאלאס,5,0,D,צ`כיה,0.432833983,0,0,סקוטלנד,0.187972318,0,0,3,270,0,0,0.7,7.03,0.428571429,0.428571429,0,0,0,Tomas Kalas
בצ'יר אומרגיץ',4,0,D,שווייץ,0.63472205,0,0,וויילס,0.437580963,0,0,0,6,0,0,0,6.12,0,0.00952381,0,0,0,Becir Omeragic
גרגו לוברנצ'יץ',4,0,D,הונגריה,0.151661633,0,0,פורטוגל,0.823428402,0,0,2,149,0,0,1,6.71,0.25,0.206944444,0,0,0,Gergo Lovrencsics
דויד זימה,4,0,D,צ`כיה,0.432833983,0,0,סקוטלנד,0.187972318,0,0,0,5,0,0,0,5.96,0,0.007936508,0,0,0,David Zima
דרקו ולקובסקי,4,0,D,צפון מקדוניה,0.027572701,0,0,אוסטריה,0.427429304,0,0,6,540,0,0,0.7,6.77,0.666666667,0.712401055,0,0,0,Darko Velkovski
ויסר מוסליו,4,0,D,צפון מקדוניה,0.027572701,0,0,אוסטריה,0.427429304,0,0,7,584,0,0,0.15,6.62,0.777777778,0.770448549,0,0,0,Visar Musliu
יאקוב ברבץ,4,0,D,צ`כיה,0.432833983,0,0,סקוטלנד,0.187972318,0,0,2,180,0,0,0,7.54,0.285714286,0.285714286,0,0,0,Jakub Brabec
יאקוב הולובק,4,0,D,סלובקיה,0.127690038,0,0,פולין,0.436063523,0,0,1,141,0,0,0,6.51,0.142857143,0.223809524,0,0,0,Jakub Holúbek
יוסיפ יוראנוביץ',4,0,D,קרואטיה,0.555678913,0,0,אנגליה,0.869360908,0,0,2,274,0,0,0.25,6.755,0.222222222,0.338271605,0,0,0,Josip Juranovic
כריס גאנטר,4,0,D,וויילס,0.437580963,0,0,שווייץ,0.63472205,0,0,0,1,0,0,0,6,0,0.001388889,0,0,0,Chris Gunter
כריסטופר טרימל,4,0,D,אוסטריה,0.427429304,0,0,צפון מקדוניה,0.027572701,0,0,0,31,0,0,0,6.21,0,0.038944724,0,0,0,Christopher Trimmel
ליאו ואיסנן,4,0,D,פינלנד,0.046976823,0,0,דנמרק,0.745811724,0,0,2,180,0,0,0.5,6.53,0.25,0.254957507,0,0,0,Leo Väisänen
ליאם קופר,4,0,D,סקוטלנד,0.187972318,0,0,צ`כיה,0.432833983,0,0,2,180,0,0,0,7.29,0.25,0.25,0,0,0,Liam Cooper
מרקו פרידל,4,0,D,אוסטריה,0.427429304,0,0,צפון מקדוניה,0.027572701,0,0,0,8,0,0,0,5.97,0,0.010050251,0,0,0,Marco Friedl
ניקולאי אלהו,4,0,D,פינלנד,0.046976823,0,0,דנמרק,0.745811724,0,0,4,436,0,0,0.5,6.34,0.5,0.617563739,0,0,0,Nikolai Alho
סקוט מקנה,4,0,D,סקוטלנד,0.187972318,0,0,צ`כיה,0.432833983,0,0,3,298,0,0,0.25,6.34,0.375,0.413888889,0,0,0,Scott McKenna
רומן יבגנייב,4,0,D,רוסיה,0.366186019,0,0,בלגיה,0.917906311,0,0,0,45,0,0,0,6.09,0,0.063291139,0,0,0,Roman Evgeniev
תומאס לאם,4,0,D,פינלנד,0.046976823,0,0,דנמרק,0.745811724,0,0,0,14,0,0,0,6,0,0.019830028,0,0,0,Thomas Lam
אגזון בייטולאי,3,0,D,צפון מקדוניה,0.027572701,0,0,אוסטריה,0.427429304,0,0,3,345,0,0,0.3,6.49,0.333333333,0.455145119,0,0,0,Egzon Bejtulai
אלש מאטייו,3,0,D,צ`כיה,0.432833983,0,0,סקוטלנד,0.187972318,0,0,2,180,0,0,0.5,7.34,0.285714286,0.285714286,0,0,0,Ales Mateju
אקוש קצ'קש,3,0,D,הונגריה,0.151661633,0,0,פורטוגל,0.823428402,0,0,1,90,0,0,0,6.57,0.125,0.125,0,0,0,Ákos Kecskés
בן קבאנגו,3,0,D,וויילס,0.437580963,0,0,שווייץ,0.63472205,0,0,0,1,0,0,0,6,0,0.001388889,0,0,0,Ben Cabango
ג'ק הנדרי,3,0,D,סקוטלנד,0.187972318,0,0,צ`כיה,0.432833983,0,0,2,136,0,0,0,6.19,0.25,0.188888889,0,0,0,Jack Hendry
גרג טיילור,3,0,D,סקוטלנד,0.187972318,0,0,צ`כיה,0.432833983,0,0,1,79,0,0,0,6.89,0.125,0.109722222,0,0,0,Greg Taylor
דניאל אושאוגנסי,3,0,D,פינלנד,0.046976823,0,0,דנמרק,0.745811724,0,0,4,331,0,0,0.35,6.225,0.5,0.468838527,0,0,0,Daniel O'Shaughnessy
דקלאן גלאגר,3,0,D,סקוטלנד,0.187972318,0,0,צ`כיה,0.432833983,0,0,3,253,0,0,1,7.18,0.375,0.351388889,0,0,0,Declan Gallagher
יונה טויביו,3,0,D,פינלנד,0.046976823,0,0,דנמרק,0.745811724,0,0,6,540,0,0,0.4,6.71,0.75,0.764872521,0,0,0,Joona Toivio
יוקה רייטאלה,3,0,D,פינלנד,0.046976823,0,0,דנמרק,0.745811724,0,0,3,260,0,0,0.25,6.505,0.375,0.368271955,0,0,0,Jukka Raitala
מילה שקוריץ',3,0,D,קרואטיה,0.555678913,0,0,אנגליה,0.869360908,0,0,1,90,0,0,0,6.34,0.111111111,0.111111111,0,0,0,Mile Skoric
פאולוס אראיורי,3,0,D,פינלנד,0.046976823,0,0,דנמרק,0.745811724,0,0,6,540,0,0,0.25,6.93,0.75,0.764872521,0,0,0,Paulus Arajuuri
קירה ריסטבסקי,3,0,D,צפון מקדוניה,0.027572701,0,0,אוסטריה,0.427429304,0,0,5,420,0,0,0.35,6.72,0.555555556,0.55408971,0,0,0,Kire Ristevski
ריס נורינגטון-דייויס,3,0,D,וויילס,0.437580963,0,0,שווייץ,0.63472205,0,0,3,242,0,0,0.7,6.67,0.375,0.336111111,0,0,0,Rhys Norrington-Davies
יאניק קראסקו,9,0,M,בלגיה,0.917906311,0,0,רוסיה,0.366186019,0,0,3,230,0,0,1.7,6.33,0.333333333,0.283950617,0,0,0,Yannick Carrasco
פדריקו קייזה,9,0,M,איטליה,0.920883711,0,0,טורקיה,0.63379322,0,0,4,334,0,0,1.3,6.64,0.444444444,0.412345679,0,0,0,Federico Chiesa
טוני קרוס,8,0,M,גרמניה,0.760331273,0,0,צרפת,0.957189817,0,0,5,450,0,0,2,6.81,0.625,0.613915416,0,0,0,Toni Kroos
טיאגו אלקנטרה,8,0,M,ספרד,0.786374111,0,0,שבדיה,0.615554302,0,0,2,233,0,0,0.5,6.905,0.285714286,0.36349454,0,0,0,Thiago
יבהן קונופליאנקה,8,0,M,אוקראינה,0.398685614,0,0,הולנד,0.74441658,0,0,1,54,0,0,1,6.39,0.142857143,0.085714286,0,0,0,Yevhen Konoplyanka
יוזואה קימיך,8,0,M,גרמניה,0.760331273,0,0,צרפת,0.957189817,0,0,5,450,0,0,1.75,7.04,0.625,0.613915416,0,0,0,Joshua Kimmich
מיסלאב אורשיץ',8,0,M,קרואטיה,0.555678913,0,0,אנגליה,0.869360908,0,0,1,153,0,0,1.15,6.28,0.111111111,0.188888889,0,0,0,Mislav Orsic
פול פוגבה,8,0,M,צרפת,0.957189817,0,0,גרמניה,0.760331273,0,0,5,462,0,0,1.4,6.86,0.555555556,0.57037037,0,0,0,Paul Pogba
קווינסי פרומס,8,0,M,הולנד,0.74441658,0,0,אוקראינה,0.398685614,0,0,3,277,0,0,1.5,6.59,0.333333333,0.341975309,0,0,0,Quincy Promes
תומא למר,8,0,M,צרפת,0.957189817,0,0,גרמניה,0.760331273,0,0,2,180,0,0,1,6.95,0.222222222,0.222222222,0,0,0,Thomas Lemar
אלכסנדר גולובין,7,0,M,רוסיה,0.366186019,0,0,בלגיה,0.917906311,0,0,3,229,0,0,1,7.37,0.375,0.322081575,0,0,0,Aleksandr Golovin
ארון ראמזי,7,0,M,וויילס,0.437580963,0,0,שווייץ,0.63472205,0,0,1,90,0,0,3,6.7,0.125,0.125,0,0,0,Aaron Ramsey
ג'מאל מוסיאלה,7,0,M,גרמניה,0.760331273,0,0,צרפת,0.957189817,0,0,0,12,0,0,0,6.38,0,0.016371078,0,0,0,Jamal Musiala
ג'ק גריליש,7,0,M,אנגליה,0.869360908,0,0,קרואטיה,0.555678913,0,0,2,180,0,0,1.3,6.88,0.25,0.254957507,0,0,0,Jack Grealish
גונסאלו גדס,7,0,M,פורטוגל,0.823428402,0,0,הונגריה,0.151661633,0,0,0,68,0,0,0,6.69,0,0.083950617,0,0,0,Gonçalo Guedes
מרסלו ברוזוביץ',7,0,M,קרואטיה,0.555678913,0,0,אנגליה,0.869360908,0,0,4,389,0,0,0.75,6.635,0.444444444,0.480246914,0,0,0,Marcelo Brozovic
סרחיו אוליביירה,7,0,M,פורטוגל,0.823428402,0,0,הונגריה,0.151661633,0,0,1,102,0,0,0.3,6.145,0.111111111,0.125925926,0,0,0,Sérgio Oliveira
פדריקו ברנרדרסקי,7,0,M,איטליה,0.920883711,0,0,טורקיה,0.63379322,0,0,2,176,0,0,2.75,6.875,0.222222222,0.217283951,0,0,0,Federico Bernardeschi
פרנקי דה יונג,7,0,M,הולנד,0.74441658,0,0,אוקראינה,0.398685614,0,0,9,810,0,0,0.35,7.415,1,1,0,0,0,Frenkie de Jong
קורנטין טוליסו,7,0,M,צרפת,0.957189817,0,0,גרמניה,0.760331273,0,0,1,63,0,0,0,6.49,0.111111111,0.077777778,0,0,0,Corentin Tolisso
רפא סילבה,7,0,M,פורטוגל,0.823428402,0,0,הונגריה,0.151661633,0,0,0,51,0,0,0,6.19,0,0.062962963,0,0,0,Rafa
אדאמה טראורה,6,0,M,ספרד,0.786374111,0,0,שבדיה,0.615554302,0,0,1,140,0,0,0.7,6.96,0.142857143,0.218408736,0,0,0,Adama Traoré
אדמילסון פרננדס,6,0,M,שווייץ,0.63472205,0,0,וויילס,0.437580963,0,0,1,143,0,0,0,6.46,0.142857143,0.226984127,0,0,0,Edimilson Fernandes
אדמיר מחמדי,6,0,M,שווייץ,0.63472205,0,0,וויילס,0.437580963,0,0,1,88,0,0,0.35,6.145,0.142857143,0.13968254,0,0,0,Admir Mehmedi
בוקאיו סאקה,6,0,M,אנגליה,0.869360908,0,0,קרואטיה,0.555678913,0,0,1,142,0,0,2.5,7.03,0.125,0.201133144,0,0,0,Bukayo Saka
ג'וד בלינגהאם,6,0,M,אנגליה,0.869360908,0,0,קרואטיה,0.555678913,0,0,0,45,0,0,3,7.31,0,0.063739377,0,0,0,Jude Bellingham
ג'ורדן הנדרסון,6,0,M,אנגליה,0.869360908,0,0,קרואטיה,0.555678913,0,0,2,126,0,0,0,6.42,0.25,0.178470255,0,0,0,Jordan Henderson
ג'יימס פורסט,6,0,M,סקוטלנד,0.187972318,0,0,צ`כיה,0.432833983,0,0,1,90,0,0,1,6.3,0.125,0.125,0,0,0,James Forrest
ויקטור קובלנקו,6,0,M,אוקראינה,0.398685614,0,0,הולנד,0.74441658,0,0,1,142,0,0,0,6.16,0.142857143,0.225396825,0,0,0,Viktor Kovalenko
ז'ואאו מוטיניו,6,0,M,פורטוגל,0.823428402,0,0,הונגריה,0.151661633,0,0,4,321,0,0,0.25,6.935,0.444444444,0.396296296,0,0,0,João Moutinho
מוסא סיסוקו,6,0,M,צרפת,0.957189817,0,0,גרמניה,0.760331273,0,0,2,189,0,0,0,6.36,0.222222222,0.233333333,0,0,0,Moussa Sissoko
מרקו וראטי,6,0,M,איטליה,0.920883711,0,0,טורקיה,0.63379322,0,0,4,324,0,0,0.5,7.175,0.444444444,0.4,0,0,0,Marco Verratti
מתאו פסינה,6,0,M,איטליה,0.920883711,0,0,טורקיה,0.63379322,0,0,1,70,0,0,0.7,6.32,0.111111111,0.086419753,0,0,0,Matteo Pessina
סקוט מקטומיניי,6,0,M,סקוטלנד,0.187972318,0,0,צ`כיה,0.432833983,0,0,8,720,0,0,1.05,6.895,1,1,0,0,0,Scott McTominay
סרחיו בוסקטס,6,0,M,ספרד,0.786374111,0,0,שבדיה,0.615554302,0,0,5,374,0,0,0.15,7.175,0.714285714,0.583463339,0,0,0,Sergio Busquets
פלוריאן נויהאוס,6,0,M,גרמניה,0.760331273,0,0,צרפת,0.957189817,0,0,0,49,0,0,0,5.985,0,0.066848568,0,0,0,Florian Neuhaus
קן סמה,6,0,M,שבדיה,0.615554302,0,0,ספרד,0.786374111,0,0,0,2,0,0,0,6.15,0,0.00286533,0,0,0,Ken Sema
רובן ורגאס,6,0,M,שווייץ,0.63472205,0,0,וויילס,0.437580963,0,0,2,218,0,0,1.5,6.545,0.285714286,0.346031746,0,0,0,Ruben Vargas
רובן נבס,6,0,M,פורטוגל,0.823428402,0,0,הונגריה,0.151661633,0,0,2,194,0,0,1,6.545,0.222222222,0.239506173,0,0,0,Rúben Neves
אוני ולאקארי,5,0,M,פינלנד,0.046976823,0,0,דנמרק,0.745811724,0,0,1,63,0,0,0.5,6.13,0.125,0.089235127,0,0,0,Onni Valakari
אירפאן קאבג'י,5,0,M,טורקיה,0.63379322,0,0,איטליה,0.920883711,0,0,1,97,0,0,0,6.29,0.125,0.143067847,0,0,0,Irfan Can Kahveci
אלכסיי איאונוב,5,0,M,רוסיה,0.366186019,0,0,בלגיה,0.917906311,0,0,5,370,0,0,0.5,5.815,0.625,0.520393812,0,0,0,Aleksey Ionov
אנדריי מוסטובוי,5,0,M,רוסיה,0.366186019,0,0,בלגיה,0.917906311,0,0,0,132,0,0,0.35,6.065,0,0.185654008,0,0,0,Andrey Mostovoy
בריאן כריסטנטה,5,0,M,איטליה,0.920883711,0,0,טורקיה,0.63379322,0,0,0,9,0,0,0,6.17,0,0.011111111,0,0,0,Bryan Cristante
דנילו פריירה,5,0,M,פורטוגל,0.823428402,0,0,הונגריה,0.151661633,0,0,7,612,0,0,0.65,6.895,0.777777778,0.755555556,0,0,0,Danilo Pereira
דניס זקאריה,5,0,M,שווייץ,0.63472205,0,0,וויילס,0.437580963,0,0,0,40,0,0,1,6.32,0,0.063492063,0,0,0,Denis Zakaria
ולנטינו לזארו,5,0,M,אוסטריה,0.427429304,0,0,צפון מקדוניה,0.027572701,0,0,0,25,0,0,0,5.92,0,0.031407035,0,0,0,Valentino Lazaro
טארס סטפננקו,5,0,M,אוקראינה,0.398685614,0,0,הולנד,0.74441658,0,0,2,159,0,0,0.5,7.04,0.285714286,0.252380952,0,0,0,Taras Stepanenko
יוליאן באומגרטלינגר,5,0,M,אוסטריה,0.427429304,0,0,צפון מקדוניה,0.027572701,0,0,5,399,0,0,0.3,6.53,0.555555556,0.501256281,0,0,0,Julian Baumgartlinger
לוקאש הראסלין,5,0,M,סלובקיה,0.127690038,0,0,פולין,0.436063523,0,0,2,203,0,0,1,6.16,0.285714286,0.322222222,0,0,0,Lukás Haraslín
מילאן באדלי,5,0,M,קרואטיה,0.555678913,0,0,אנגליה,0.869360908,0,0,2,100,0,0,0,6.3,0.222222222,0.12345679,0,0,0,Milan Badelj
מרטן דה רון,5,0,M,הולנד,0.74441658,0,0,אוקראינה,0.398685614,0,0,4,332,0,0,0.5,6.54,0.444444444,0.409876543,0,0,0,Marten de Roon
מריאן ראדסקי,5,0,M,צפון מקדוניה,0.027572701,0,0,אוסטריה,0.427429304,0,0,1,90,0,0,1,7.54,0.111111111,0.118733509,0,0,0,Marjan Radeski
מתיאס סוואנברג,5,0,M,שבדיה,0.615554302,0,0,ספרד,0.786374111,0,0,0,29,0,0,0.5,6.11,0,0.041547278,0,0,0,Mattias Svanberg
נאסר צ'אדלי,5,0,M,בלגיה,0.917906311,0,0,רוסיה,0.366186019,0,0,2,146,0,0,0,6.085,0.222222222,0.180246914,0,0,0,Nacer Chadli
עבדולקאדר עומור,5,0,M,טורקיה,0.63379322,0,0,איטליה,0.920883711,0,0,0,13,0,0,0,5.98,0,0.019174041,0,0,0,Abdülkadir Ömür
פטריק הרושובסקי,5,0,M,סלובקיה,0.127690038,0,0,פולין,0.436063523,0,0,5,499,0,0,0.25,6.635,0.714285714,0.792063492,0,0,0,Patrik Hrosovsky
פיליפ הולנדר,5,0,M,הונגריה,0.151661633,0,0,פורטוגל,0.823428402,0,0,4,355,0,0,0.8,6.65,0.5,0.493055556,0,0,0,Filip Holender
פלוריאן גריליץ',5,0,M,אוסטריה,0.427429304,0,0,צפון מקדוניה,0.027572701,0,0,3,274,0,0,0.5,6.71,0.333333333,0.344221106,0,0,0,Florian Grillitsch
קווין ניסבט,5,0,M,סקוטלנד,0.187972318,0,0,צ`כיה,0.432833983,0,0,0,22,0,0,0,5.96,0,0.030555556,0,0,0,Kevin Nisbet
קלווין פיליפס,5,0,M,אנגליה,0.869360908,0,0,קרואטיה,0.555678913,0,0,5,441,0,0,0,6.83,0.625,0.624645892,0,0,0,Kalvin Phillips
קסאבר שלאגר,5,0,M,אוסטריה,0.427429304,0,0,צפון מקדוניה,0.027572701,0,0,8,680,0,0,0.85,6.295,0.888888889,0.854271357,0,0,0,Xaver Schlager
ריאן חראוונברש,5,0,M,הולנד,0.74441658,0,0,אוקראינה,0.398685614,0,0,0,64,0,0,0,6.49,0,0.079012346,0,0,0,Ryan Gravenberch
ריפאט ז'מאלטדינוב,5,0,M,רוסיה,0.366186019,0,0,בלגיה,0.917906311,0,0,2,177,0,0,0.3,6.37,0.25,0.248945148,0,0,0,Rifat Zhemaletdinov
שטפן אילזנקר,5,0,M,אוסטריה,0.427429304,0,0,צפון מקדוניה,0.027572701,0,0,7,596,0,0,0.55,6.76,0.777777778,0.748743719,0,0,0,Stefan Ilsanker
אדם נאג'י,4,0,M,הונגריה,0.151661633,0,0,פורטוגל,0.823428402,0,0,7,646,0,0,0,6.525,0.875,0.897222222,0,0,0,Ádám Nagy
אוקאי יוקושלו,4,0,M,טורקיה,0.63379322,0,0,איטליה,0.920883711,0,0,5,460,0,0,0.5,6.825,0.625,0.678466077,0,0,0,Okay Yokuslu
אורקון קוקג'ו,4,0,M,טורקיה,0.63379322,0,0,איטליה,0.920883711,0,0,1,67,0,0,0.5,6.21,0.125,0.098820059,0,0,0,Orkun Kökcü
אית'ן אמפאדו,4,0,M,וויילס,0.437580963,0,0,שווייץ,0.63472205,0,0,8,720,0,0,0,6.805,1,1,0,0,0,Ethan Ampadu
אלבין אקדל,4,0,M,שבדיה,0.615554302,0,0,ספרד,0.786374111,0,0,4,359,0,0,0.5,6.31,0.5,0.514326648,0,0,0,Albin Ekdal
אנדראס שאפר,4,0,M,הונגריה,0.151661633,0,0,פורטוגל,0.823428402,0,0,0,70,0,0,0,6.31,0,0.097222222,0,0,0,András Schäfer
בובאן ניקולוב,4,0,M,צפון מקדוניה,0.027572701,0,0,אוסטריה,0.427429304,0,0,6,493,0,0,1.05,6.67,0.666666667,0.650395778,0,0,0,Boban Nikolov
ג'ו אלן,4,0,M,וויילס,0.437580963,0,0,שווייץ,0.63472205,0,0,1,8,0,0,0,6.15,0.125,0.011111111,0,0,0,Joe Allen
ג'יבריל סו,4,0,M,שווייץ,0.63472205,0,0,וויילס,0.437580963,0,0,3,268,0,0,0.7,6.205,0.428571429,0.425396825,0,0,0,Djibril Sow
גוסטב סוונסון,4,0,M,שבדיה,0.615554302,0,0,ספרד,0.786374111,0,0,1,44,0,0,0,5.1,0.125,0.063037249,0,0,0,Gustav Svensson
גלן קמארה,4,0,M,פינלנד,0.046976823,0,0,דנמרק,0.745811724,0,0,8,705,0,0,0.5,6.585,1,0.998583569,0,0,0,Glen Kamara
טיילאן אנטליאלי,4,0,M,טורקיה,0.63379322,0,0,איטליה,0.920883711,0,0,0,71,0,0,0.3,6.19,0,0.104719764,0,0,0,Taylan Antalyali
טים ספארב,4,0,M,פינלנד,0.046976823,0,0,דנמרק,0.745811724,0,0,5,423,0,0,0,6.33,0.625,0.599150142,0,0,0,Tim Sparv
ינס קאיוסטה,4,0,M,שבדיה,0.615554302,0,0,ספרד,0.786374111,0,0,0,3,0,0,0,6.34,0,0.004297994,0,0,0,Jens Cajuste
כריסטופר אולסון,4,0,M,שבדיה,0.615554302,0,0,ספרד,0.786374111,0,0,8,698,0,0,0.5,6.58,1,1,0,0,0,Kristoffer Olsson
לוקאס מאסופוסט,4,0,M,צ`כיה,0.432833983,0,0,סקוטלנד,0.187972318,0,0,5,389,0,0,0.35,6.395,0.714285714,0.617460317,0,0,0,Lukas Masopust
סטיוארט ארמסטרונג,4,0,M,סקוטלנד,0.187972318,0,0,צ`כיה,0.432833983,0,0,3,248,0,0,1.65,6.235,0.375,0.344444444,0,0,0,Stuart Armstrong
סטניסלב לובוטקה,4,0,M,סלובקיה,0.127690038,0,0,פולין,0.436063523,0,0,3,271,0,0,0,6.12,0.428571429,0.43015873,0,0,0,Stanislav Lobotka
פז'מיסלב פלאשטה,4,0,M,פולין,0.436063523,0,0,סלובקיה,0.127690038,0,0,1,106,0,0,2,6.605,0.125,0.140957447,0,0,0,Przemyslaw Placheta
פירי סוירי,4,0,M,פינלנד,0.046976823,0,0,דנמרק,0.745811724,0,0,1,116,0,0,0,6.37,0.125,0.164305949,0,0,0,Pyry Soiri
קאלום מקרגור,4,0,M,סקוטלנד,0.187972318,0,0,צ`כיה,0.432833983,0,0,5,465,0,0,0.65,6.7,0.625,0.645833333,0,0,0,Callum McGregor
קספר קוזלובסקי,4,0,M,פולין,0.436063523,0,0,סלובקיה,0.127690038,0,0,0,17,0,0,1,6.5,0,0.022606383,0,0,0,Kacper Kozlowski
רסמוס שולר,4,0,M,פינלנד,0.046976823,0,0,דנמרק,0.745811724,0,0,2,231,0,0,0.15,6.61,0.25,0.327195467,0,0,0,Rasmus Schüller
תומאש הולש,4,0,M,צ`כיה,0.432833983,0,0,סקוטלנד,0.187972318,0,0,3,247,0,0,0.65,6.44,0.428571429,0.392063492,0,0,0,Tomás Holes
תומאש סוסלוב,4,0,M,סלובקיה,0.127690038,0,0,פולין,0.436063523,0,0,1,100,0,0,1,6.26,0.142857143,0.158730159,0,0,0,Tomás Suslov
תמאס צ'רי,4,0,M,הונגריה,0.151661633,0,0,פורטוגל,0.823428402,0,0,1,99,0,0,0,6.425,0.125,0.1375,0,0,0,Tamas Cseri
אלכס קראל,3,0,M,צ`כיה,0.432833983,0,0,סקוטלנד,0.187972318,0,0,5,437,0,0,1,6.8,0.714285714,0.693650794,0,0,0,Alex Kral
אנדרס כריסטיאנסן,3,0,M,דנמרק,0.745811724,0,0,פינלנד,0.046976823,0,0,8,676,0,0,0.25,7.005,0.888888889,0.882506527,0,0,0,Andreas Christensen
ג'ון פלק,3,0,M,סקוטלנד,0.187972318,0,0,צ`כיה,0.432833983,0,0,2,160,0,0,0,6.375,0.25,0.222222222,0,0,0,John Fleck
דילן לוויט,3,0,M,וויילס,0.437580963,0,0,שווייץ,0.63472205,0,0,1,131,0,0,0,6.43,0.125,0.181944444,0,0,0,Dylan Levitt
טיומיר קוסטדינוב,3,0,M,צפון מקדוניה,0.027572701,0,0,אוסטריה,0.427429304,0,0,3,258,0,0,0.3,6.43,0.333333333,0.340369393,0,0,0,Tihomir Kostadinov
כריסטיאן נורגורד,3,0,M,דנמרק,0.745811724,0,0,פינלנד,0.046976823,0,0,2,153,0,0,0.15,6.68,0.222222222,0.199738903,0,0,0,Christian Nørgaard
מקסים מוחין,3,0,M,רוסיה,0.366186019,0,0,בלגיה,0.917906311,0,0,0,4,0,0,0,6.06,0,0.005625879,0,0,0,Maksim Mukhin
מתיו סמית',3,0,M,וויילס,0.437580963,0,0,שווייץ,0.63472205,0,0,3,229,0,0,0,6.56,0.375,0.318055556,0,0,0,Matthew Smith
פטר שבצ'יק,3,0,M,צ`כיה,0.432833983,0,0,סקוטלנד,0.187972318,0,0,0,51,0,0,0,6.13,0,0.080952381,0,0,0,Petr Sevcik
פרהאן חסאני,3,0,M,צפון מקדוניה,0.027572701,0,0,אוסטריה,0.427429304,0,0,1,70,0,0,0,6.205,0.111111111,0.092348285,0,0,0,Ferhan Hasani
רולנד ורגה,3,0,M,הונגריה,0.151661633,0,0,פורטוגל,0.823428402,0,0,0,47,0,0,1,6.55,0,0.065277778,0,0,0,Roland Varga
וויסאם בן יידר,9,0,FW,צרפת,0.957189817,0,0,גרמניה,0.760331273,0,0,1,94,0,0,0,6.28,0.111111111,0.116049383,0,0,0,Wissam Ben Yedder
יוסוף פולסן,7,0,FW,דנמרק,0.745811724,0,0,פינלנד,0.046976823,0,0,8,634,0,0,0.85,6.58,0.888888889,0.82767624,0,0,0,Yussuf Poulsen
אדם הלוזק,6,0,FW,צ`כיה,0.432833983,0,0,סקוטלנד,0.187972318,0,0,1,72,0,0,3,7.04,0.142857143,0.114285714,0,0,0,Adam Hlozek
אנדראס קורנליוס,6,0,FW,דנמרק,0.745811724,0,0,פינלנד,0.046976823,0,0,0,7,0,0,0,6.1,0,0.009138381,0,0,0,Andreas Cornelius
אנטה בודימיר,6,0,FW,קרואטיה,0.555678913,0,0,אנגליה,0.869360908,0,0,3,224,0,0,0.15,6.245,0.333333333,0.27654321,0,0,0,Ante Budimir
אנטון זבולוטני,6,0,FW,רוסיה,0.366186019,0,0,בלגיה,0.917906311,0,0,2,146,0,0,2.25,6.365,0.25,0.205344585,0,0,0,Anton Zabolotny
אנס אונאל,5,0,FW,טורקיה,0.63379322,0,0,איטליה,0.920883711,0,0,1,126,0,0,0.6,6.15,0.125,0.185840708,0,0,0,Enes Ünal
טיילר רוברטס,5,0,FW,וויילס,0.437580963,0,0,שווייץ,0.63472205,0,0,1,117,0,0,0.35,6.345,0.125,0.1625,0,0,0,Tyler Roberts
רוברט בוז'ניק,5,0,FW,סלובקיה,0.127690038,0,0,פולין,0.436063523,0,0,4,329,0,0,1.25,6.145,0.571428571,0.522222222,0,0,0,Róbert Bozeník
תומאש פקהארט,5,0,FW,צ`כיה,0.432833983,0,0,סקוטלנד,0.187972318,0,0,0,26,0,0,0,5.91,0,0.041269841,0,0,0,Tomas Pekhart
חליל דרויסוגלו,4,0,FW,טורקיה,0.63379322,0,0,איטליה,0.920883711,0,0,0,4,0,0,0,6.03,0,0.005899705,0,0,0,Halil Akbunar
מרקוס פורס,4,0,FW,פינלנד,0.046976823,0,0,דנמרק,0.745811724,0,0,0,56,0,0,0.5,6.04,0,0.079320113,0,0,0,Marcus Forss
קרסטה ולקובסקי,3,0,FW,צפון מקדוניה,0.027572701,0,0,אוסטריה,0.427429304,0,0,0,24,0,0,0.5,6.14,0,0.031662269,0,0,0,Krste Velkoski
