Player,Apps,Mins,Goals,Assists,SpG,Rating,Apps_percentage,Mins_percentage,Goals_percentage,Assists_percentage,GnA_percentage
Agim Ibraimi,0,2,0,0,0,6.12,0.000,0.003,0.000,0.000,0.000
Aleksandar Trajkovski,6,450,3,0,1.75,6.955,0.667,0.594,0.176,0.000,0.111
Arijan Ademi,3,275,1,1,1,7.045,0.333,0.363,0.059,0.100,0.074
Boban Nikolov,6,493,0,0,1.05,6.67,0.667,0.650,0.000,0.000,0.000
Damjan Siskovski,5,469,0,0,0,6.68,0.556,0.619,0.000,0.000,0.000
Darko Micevski,0,29,0,0,0,6.4,0.000,0.038,0.000,0.000,0.000
Darko Velkovski,6,540,0,0,0.7,6.77,0.667,0.712,0.000,0.000,0.000
Dusko Trajcevski,0,6,0,0,1,6.33,0.000,0.008,0.000,0.000,0.000
Egzon Bejtulai,3,345,0,0,0.3,6.49,0.333,0.455,0.000,0.000,0.000
Eljif Elmas,6,535,2,1,1,7.16,0.667,0.706,0.118,0.100,0.111
Enis Bardhi,5,463,1,2,1.2,7.16,0.556,0.611,0.059,0.200,0.111
Ennur Totre,1,86,0,0,0,6.4,0.111,0.113,0.000,0.000,0.000
Ezgjan Alioski,7,606,2,1,0.65,7.05,0.778,0.799,0.118,0.100,0.111
Ferhan Hasani,1,70,0,0,0,6.205,0.111,0.092,0.000,0.000,0.000
Gjoko Zajkov,3,275,1,0,0.5,6.94,0.333,0.363,0.059,0.000,0.037
Goran Pandev,5,448,2,1,1.65,6.74,0.556,0.591,0.118,0.100,0.111
Ilija Nestorovski,4,382,2,1,2,6.56,0.444,0.504,0.118,0.100,0.111
Ivan Trichkovski,4,324,1,0,2,6.45,0.444,0.427,0.059,0.000,0.037
Kire Ristevski,5,420,0,0,0.35,6.72,0.556,0.554,0.000,0.000,0.000
Krste Velkoski,0,24,0,0,0.5,6.14,0.000,0.032,0.000,0.000,0.000
Ljupco Doriev,0,32,0,0,1,6.59,0.000,0.042,0.000,0.000,0.000
Marjan Radeski,1,90,0,0,1,7.54,0.111,0.119,0.000,0.000,0.000
Stefan Askovski,0,24,0,0,1,6.36,0.000,0.032,0.000,0.000,0.000
Stefan Ristovski,9,758,1,2,0.4,6.915,1.000,1.000,0.059,0.200,0.111
Stefan Spirovski,4,366,0,1,0.9,6.445,0.444,0.483,0.000,0.100,0.037
Stole Dimitrievski,4,337,0,0,0,6.155,0.444,0.445,0.000,0.000,0.000
Tihomir Kostadinov,3,258,0,0,0.3,6.43,0.333,0.340,0.000,0.000,0.000
Tome Kitanovski,0,20,0,0,0,6.09,0.000,0.026,0.000,0.000,0.000
Visar Musliu,7,584,0,0,0.15,6.62,0.778,0.770,0.000,0.000,0.000
Vlatko Stojanovski,1,154,1,0,1,6.385,0.111,0.203,0.059,0.000,0.037
Albin Granlund,2,103,0,0,0,6.615,0.250,0.146,0.000,0.000,0.000
Daniel O'Shaughnessy,4,331,0,0,0.35,6.225,0.500,0.469,0.000,0.000,0.000
Fredrik Jensen,1,157,3,0,1,7.06,0.125,0.222,0.300,0.000,0.176
Glen Kamara,8,705,0,0,0.5,6.585,1.000,0.999,0.000,0.000,0.000
Ilmari Niskanen,2,219,0,0,1.3,6.55,0.250,0.310,0.000,0.000,0.000
Jere Uronen,5,383,0,1,0.2,6.49,0.625,0.542,0.000,0.143,0.059
Jesse Joronen,2,180,0,0,0,7.15,0.250,0.255,0.000,0.000,0.000
Joel Pohjanpalo,4,297,0,1,0.8,6.32,0.500,0.421,0.000,0.143,0.059
Joni Kauko,3,225,0,1,0.25,6.69,0.375,0.319,0.000,0.143,0.059
Joona Toivio,6,540,0,0,0.4,6.71,0.750,0.765,0.000,0.000,0.000
Juhani Ojala,2,180,0,0,0.5,6.78,0.250,0.255,0.000,0.000,0.000
Jukka Raitala,3,260,0,0,0.25,6.505,0.375,0.368,0.000,0.000,0.000
Leo Väisänen,2,180,0,0,0.5,6.53,0.250,0.255,0.000,0.000,0.000
Lukás Hrádecky,6,540,0,0,0.2,7.03,0.750,0.765,0.000,0.000,0.000
Marcus Forss,0,56,0,0,0.5,6.04,0.000,0.079,0.000,0.000,0.000
Niko Hämäläinen,2,212,0,0,0.5,6.32,0.250,0.300,0.000,0.000,0.000
Nikolai Alho,4,436,0,0,0.5,6.34,0.500,0.618,0.000,0.000,0.000
Onni Valakari,1,63,0,0,0.5,6.13,0.125,0.089,0.000,0.000,0.000
Paulus Arajuuri,6,540,0,0,0.25,6.93,0.750,0.765,0.000,0.000,0.000
Pyry Soiri,1,116,0,0,0,6.37,0.125,0.164,0.000,0.000,0.000
Rasmus Karjalainen,0,4,0,0,0,6.09,0.000,0.006,0.000,0.000,0.000
Rasmus Schüller,2,231,0,0,0.15,6.61,0.250,0.327,0.000,0.000,0.000
Robert Taylor,5,398,1,2,0.4,6.5,0.625,0.564,0.100,0.286,0.176
Robin Lod,4,347,1,1,1.5,7.53,0.500,0.492,0.100,0.143,0.118
Teemu Pukki,8,706,5,1,3.6,7.48,1.000,1.000,0.500,0.143,0.353
Thomas Lam,0,14,0,0,0,6,0.000,0.020,0.000,0.000,0.000
Tim Sparv,5,423,0,0,0,6.33,0.625,0.599,0.000,0.000,0.000
Adam Zrelák,0,73,0,0,1,6.05,0.000,0.116,0.000,0.000,0.000
Albert Rusnák,3,266,0,0,0.5,6.215,0.429,0.422,0.000,0.000,0.000
Branislav Ninaj,1,90,0,0,0,7.13,0.143,0.143,0.000,0.000,0.000
David Hancko,2,129,0,0,0,6.76,0.286,0.205,0.000,0.000,0.000
David Strelec,0,53,1,0,0.3,6.44,0.000,0.084,0.111,0.000,0.063
Denis Vavro,1,90,0,0,0,6.54,0.143,0.143,0.000,0.000,0.000
Dominik Greif,2,180,0,0,0,5.57,0.286,0.286,0.000,0.000,0.000
Dusan Kuciak,3,270,0,0,0,6.135,0.429,0.429,0.000,0.000,0.000
Erik Sabo,1,67,0,0,0,6.58,0.143,0.106,0.000,0.000,0.000
Ivan Schranz,2,229,1,0,0.6,6.23,0.286,0.363,0.111,0.000,0.063
Jakub Holúbek,1,141,0,0,0,6.51,0.143,0.224,0.000,0.000,0.000
Jakub Hromada,1,61,0,0,0,6.64,0.143,0.097,0.000,0.000,0.000
Jaroslav Mihálik,1,87,0,0,0,6.4,0.143,0.138,0.000,0.000,0.000
Juraj Kucka,7,562,0,0,1.25,6.77,1.000,0.892,0.000,0.000,0.000
Ján Gregus,3,343,1,1,0.75,6.85,0.429,0.544,0.111,0.143,0.125
Lubomír Satka,2,180,0,0,0,6.595,0.286,0.286,0.000,0.000,0.000
Lukas Pauschek,0,1,0,0,0,6,0.000,0.002,0.000,0.000,0.000
Lukas Stetina,1,32,0,0,0,6.88,0.143,0.051,0.000,0.000,0.000
Lukás Haraslín,2,203,0,0,1,6.16,0.286,0.322,0.000,0.000,0.000
Marek Hamsik,4,310,1,0,1.5,6.7,0.571,0.492,0.111,0.000,0.063
Marek Rodák,3,270,0,0,0,7.28,0.429,0.429,0.000,0.000,0.000
Martin Dúbravka,1,90,0,0,0,7.3,0.143,0.143,0.000,0.000,0.000
Martin Koscelnik,4,360,0,0,0.5,6.895,0.571,0.571,0.000,0.000,0.000
Martin Valjent,4,418,0,0,0.15,6.815,0.571,0.663,0.000,0.000,0.000
Matús Bero,3,190,0,1,0.5,6.655,0.429,0.302,0.000,0.143,0.063
Michal Duris,4,340,1,0,1.15,6.425,0.571,0.540,0.111,0.000,0.063
Milan Skriniar,7,630,2,1,0.8,6.995,1.000,1.000,0.222,0.143,0.188
Norbert Gyömbér,3,270,0,0,0,6.23,0.429,0.429,0.000,0.000,0.000
Ondrej Duda,5,419,0,1,0.75,6.875,0.714,0.665,0.000,0.143,0.063
Patrik Hrosovsky,5,499,0,0,0.25,6.635,0.714,0.792,0.000,0.000,0.000
Pavol Safranko,0,62,0,0,0.8,6.24,0.000,0.098,0.000,0.000,0.000
Peter Pekarík,6,540,0,1,0.25,6.64,0.857,0.857,0.000,0.143,0.063
Robert Mazán,2,180,0,0,0.5,6.4,0.286,0.286,0.000,0.000,0.000
Róbert Bozeník,4,329,0,0,1.25,6.145,0.571,0.522,0.000,0.000,0.000
Róbert Mak,4,312,2,1,0.85,7.03,0.571,0.495,0.222,0.143,0.188
Stanislav Lobotka,3,271,0,0,0,6.12,0.429,0.430,0.000,0.000,0.000
Tomas Hubocan,3,270,0,1,0.5,6.75,0.429,0.429,0.000,0.143,0.063
Tomás Suslov,1,100,0,0,1,6.26,0.143,0.159,0.000,0.000,0.000
Adam Gyurcsó,0,38,0,1,0,6.37,0.000,0.053,0.000,0.091,0.036
András Schäfer,0,70,0,0,0,6.31,0.000,0.097,0.000,0.000,0.000
Attila Fiola,4,405,1,1,0.5,6.865,0.500,0.563,0.059,0.091,0.071
Attila Szalai,8,720,0,1,0.55,7.18,1.000,1.000,0.000,0.091,0.036
Barnabás Bese,3,224,0,1,1,6.72,0.375,0.311,0.000,0.091,0.036
Daniel Gazdag,3,246,1,0,0.75,6.78,0.375,0.342,0.059,0.000,0.036
Dominik Szoboszlai,3,250,1,0,4.3,7.26,0.375,0.347,0.059,0.000,0.036
Dávid Miklós Sigér,6,472,1,0,0.85,6.555,0.750,0.656,0.059,0.000,0.036
Dénes Dibusz,5,450,0,0,0,6.69,0.625,0.625,0.000,0.000,0.000
Endre Botka,4,361,0,1,0.15,7.285,0.500,0.501,0.000,0.091,0.036
Filip Holender,4,355,0,0,0.8,6.65,0.500,0.493,0.000,0.000,0.000
Gergo Lovrencsics,2,149,0,0,1,6.71,0.250,0.207,0.000,0.000,0.000
Kevin Varga,1,171,1,0,0.9,6.79,0.125,0.238,0.059,0.000,0.036
Krisztián Géresi,0,5,0,0,0,6.14,0.000,0.007,0.000,0.000,0.000
Loic Nego,3,302,1,0,0.65,6.575,0.375,0.419,0.059,0.000,0.036
László Kleinheisler,2,200,1,0,2.3,6.74,0.250,0.278,0.059,0.000,0.036
Nemanja Nikolic,5,406,2,3,0.75,6.975,0.625,0.564,0.118,0.273,0.179
Norbert Konyves,2,150,1,0,0.8,6.36,0.250,0.208,0.059,0.000,0.036
Péter Gulácsi,4,360,0,0,0,6.015,0.500,0.500,0.000,0.000,0.000
Roland Sallai,4,333,3,0,3.5,7.27,0.500,0.463,0.176,0.000,0.107
Roland Varga,0,47,0,0,1,6.55,0.000,0.065,0.000,0.000,0.000
Szilveszter Hangya,4,298,0,0,0,6.39,0.500,0.414,0.000,0.000,0.000
Tamas Cseri,1,99,0,0,0,6.425,0.125,0.138,0.000,0.000,0.000
Willi Orban,5,484,1,0,0.9,6.94,0.625,0.672,0.059,0.000,0.036
Zsolt Kalmár,6,512,1,1,0.85,6.945,0.750,0.711,0.059,0.091,0.071
Ádám Lang,6,564,0,1,0.25,6.51,0.750,0.783,0.000,0.091,0.036
Ádám Nagy,7,646,0,0,0,6.525,0.875,0.897,0.000,0.000,0.000
Ádám Szalai,6,512,2,1,2.25,6.925,0.750,0.711,0.118,0.091,0.107
Ákos Kecskés,1,90,0,0,0,6.57,0.125,0.125,0.000,0.000,0.000
Andrew Considine,3,248,0,0,0.3,6.88,0.375,0.344,0.000,0.000,0.000
Andrew Robertson,7,630,0,1,0.5,6.895,0.875,0.875,0.000,0.100,0.045
Callum McGregor,5,465,0,0,0.65,6.7,0.625,0.646,0.000,0.000,0.000
Callum Paterson,0,39,0,0,0.3,6.14,0.000,0.054,0.000,0.000,0.000
Che Adams,2,172,1,1,1.3,6.86,0.250,0.239,0.083,0.100,0.091
Craig Gordon,2,180,0,0,0,6.66,0.250,0.250,0.000,0.000,0.000
David Marshall,7,630,0,0,0,6.62,0.875,0.875,0.000,0.000,0.000
Declan Gallagher,3,253,0,0,1,7.18,0.375,0.351,0.000,0.000,0.000
Grant Hanley,3,270,1,0,1,7.11,0.375,0.375,0.083,0.000,0.045
Greg Taylor,1,79,0,0,0,6.89,0.125,0.110,0.000,0.000,0.000
Jack Hendry,2,136,0,0,0,6.19,0.250,0.189,0.000,0.000,0.000
James Forrest,1,90,0,0,1,6.3,0.125,0.125,0.000,0.000,0.000
John Fleck,2,160,0,0,0,6.375,0.250,0.222,0.000,0.000,0.000
John McGinn,8,671,3,0,1.45,7.205,1.000,0.932,0.250,0.000,0.136
Kenny McLean,4,406,0,0,0.55,6.735,0.500,0.564,0.000,0.000,0.000
Kevin Nisbet,0,22,0,0,0,5.96,0.000,0.031,0.000,0.000,0.000
Kieran Tierney,6,529,0,3,0.65,7.25,0.750,0.735,0.000,0.300,0.136
Lawrence Shankland,0,3,0,0,0,6.23,0.000,0.004,0.000,0.000,0.000
Leigh Griffiths,0,51,0,0,2,6.37,0.000,0.071,0.000,0.000,0.000
Liam Cooper,2,180,0,0,0,7.29,0.250,0.250,0.000,0.000,0.000
Liam Palmer,2,191,0,1,0.5,6.48,0.250,0.265,0.000,0.100,0.045
Lyndon Dykes,7,501,2,1,0.5,6.74,0.875,0.696,0.167,0.100,0.136
Oliver Burke,0,33,0,0,0,6.03,0.000,0.046,0.000,0.000,0.000
Oliver McBurnie,1,179,0,0,0.9,6.37,0.125,0.249,0.000,0.000,0.000
Paul Hanlon,0,11,0,0,0,6.44,0.000,0.015,0.000,0.000,0.000
Ryan Christie,5,493,2,1,2.15,7.38,0.625,0.685,0.167,0.100,0.136
Ryan Fraser,4,320,3,0,1.75,7.175,0.500,0.444,0.250,0.000,0.136
Ryan Jack,3,271,0,0,0.3,6.76,0.375,0.376,0.000,0.000,0.000
Scott McKenna,3,298,0,0,0.25,6.34,0.375,0.414,0.000,0.000,0.000
Scott McTominay,8,720,0,0,1.05,6.895,1.000,1.000,0.000,0.000,0.000
Stephen O'Donnell,5,433,0,2,0.9,6.77,0.625,0.601,0.000,0.200,0.091
Stuart Armstrong,3,248,0,0,1.65,6.235,0.375,0.344,0.000,0.000,0.000
Aleksandr Erokhin,1,110,0,0,1.5,6.07,0.125,0.155,0.000,0.000,0.000
Aleksandr Golovin,3,229,0,0,1,7.37,0.375,0.322,0.000,0.000,0.000
Aleksey Ionov,5,370,0,0,0.5,5.815,0.625,0.520,0.000,0.000,0.000
Aleksey Miranchuk,2,231,0,1,0.25,6.57,0.250,0.325,0.000,0.091,0.038
Alexander Sobolev,0,41,1,0,0.75,6.505,0.000,0.058,0.067,0.000,0.038
Andrey Mostovoy,0,132,0,0,0.35,6.065,0.000,0.186,0.000,0.000,0.000
Andrey Semenov,8,641,0,1,0,6.74,1.000,0.902,0.000,0.091,0.038
Anton Miranchuk,4,280,2,0,0.8,6.61,0.500,0.394,0.133,0.000,0.077
Anton Shunin,7,630,0,0,0,6.655,0.875,0.886,0.000,0.000,0.000
Anton Zabolotny,2,146,0,0,2.25,6.365,0.250,0.205,0.000,0.000,0.000
Artem Dzyuba,7,619,5,2,3,7.88,0.875,0.871,0.333,0.182,0.269
Daler Kuzyaev,8,599,1,3,0.9,6.97,1.000,0.842,0.067,0.273,0.154
Daniil Fomin,1,69,0,1,1,6.56,0.125,0.097,0.000,0.091,0.038
Denis Cheryshev,1,86,1,0,1.7,6.17,0.125,0.121,0.067,0.000,0.038
Fedor Kudryashov,6,540,0,0,0,6.41,0.750,0.759,0.000,0.000,0.000
Georgi Dzhikiya,7,630,0,0,0.75,6.345,0.875,0.886,0.000,0.000,0.000
Guilherme,2,136,0,0,0,5.52,0.250,0.191,0.000,0.000,0.000
Igor Diveev,1,46,0,0,0,5.43,0.125,0.065,0.000,0.000,0.000
Igor Smolnikov,1,90,0,0,0,6.92,0.125,0.127,0.000,0.000,0.000
Ilzat Akhmetov,1,90,0,0,0,7.69,0.125,0.127,0.000,0.000,0.000
Ivan Oblyakov,0,45,0,0,1,6.44,0.000,0.063,0.000,0.000,0.000
Magomed Ozdoev,8,711,1,0,0.75,6.86,1.000,1.000,0.067,0.000,0.038
Maksim Mukhin,0,4,0,0,0,6.06,0.000,0.006,0.000,0.000,0.000
Mario Fernandes,5,450,3,0,1.1,7.305,0.625,0.633,0.200,0.000,0.115
Rifat Zhemaletdinov,2,177,0,0,0.3,6.37,0.250,0.249,0.000,0.000,0.000
Roman Evgeniev,0,45,0,0,0,6.09,0.000,0.063,0.000,0.000,0.000
Roman Neustädter,0,13,0,0,0,5.43,0.000,0.018,0.000,0.000,0.000
Roman Zobnin,5,439,0,2,1,7.01,0.625,0.617,0.000,0.182,0.077
Soslan Dzhanaev,0,45,0,0,0,6.48,0.000,0.063,0.000,0.000,0.000
Vyacheslav Karavaev,4,474,1,1,0.65,6.54,0.500,0.667,0.067,0.091,0.077
Yuri Gazinskiy,0,66,0,0,0,6.09,0.000,0.093,0.000,0.000,0.000
Yuri Zhirkov,7,564,0,0,0.85,6.46,0.875,0.793,0.000,0.000,0.000
Zelimkhan Bakaev,1,103,0,0,0.5,6.44,0.125,0.145,0.000,0.000,0.000
Anatolii Trubin,1,90,0,0,0,5.96,0.143,0.143,0.000,0.000,0.000
Andriy Pyatov,3,270,0,0,0,6.12,0.429,0.429,0.000,0.000,0.000
Andriy Yarmolenko,4,328,1,1,1.3,6.77,0.571,0.521,0.125,0.143,0.133
Artem Dovbyk,0,9,0,0,1,6.38,0.000,0.014,0.000,0.000,0.000
Bogdan Mykhaylichenko,3,286,0,1,0.15,6.575,0.429,0.454,0.000,0.143,0.067
Eduard Sobol,4,360,0,0,0,6.285,0.571,0.571,0.000,0.000,0.000
Georgi Bushchan,4,360,0,0,0,7.04,0.571,0.571,0.000,0.000,0.000
Ihor Kharatin,1,67,0,0,0,5.82,0.143,0.106,0.000,0.000,0.000
Illia Zabarnyi,5,450,0,0,0,6.46,0.714,0.714,0.000,0.000,0.000
Júnior Moraes,2,214,1,0,1.65,6.515,0.286,0.340,0.125,0.000,0.067
Marlos Romero Bonfim,2,222,0,0,0.85,6.475,0.286,0.352,0.000,0.000,0.000
Mykola Matvienko,6,540,0,0,0,6.665,0.857,0.857,0.000,0.000,0.000
Mykola Shaparenko,3,270,0,0,0.25,6.45,0.429,0.429,0.000,0.000,0.000
Oleksandr Karavaev,5,447,0,2,0.5,6.73,0.714,0.710,0.000,0.286,0.133
Oleksandr Tymchyk,2,183,0,1,0.25,6.32,0.286,0.290,0.000,0.143,0.067
Oleksandr Zinchenko,6,536,1,1,1.85,6.865,0.857,0.851,0.125,0.143,0.133
Oleksandr Zubkov,3,245,0,1,0.85,6.355,0.429,0.389,0.000,0.143,0.067
Roman Yaremchuk,7,610,2,0,1.75,6.63,1.000,0.968,0.250,0.000,0.133
Ruslan Malinovskiy,7,630,1,0,3,6.9,1.000,1.000,0.125,0.000,0.067
Serhii Kryvtsov,4,360,0,0,0.5,6.305,0.571,0.571,0.000,0.000,0.000
Serhiy Sydorchuk,4,317,1,0,0.25,6.76,0.571,0.503,0.125,0.000,0.067
Taras Stepanenko,2,159,0,0,0.5,7.04,0.286,0.252,0.000,0.000,0.000
Viktor Kovalenko,1,142,0,0,0,6.16,0.143,0.225,0.000,0.000,0.000
Viktor Tsygankov,1,128,1,0,0.7,6.4,0.143,0.203,0.125,0.000,0.067
Vitalii Mykolenko,4,358,0,0,0.5,6.16,0.571,0.568,0.000,0.000,0.000
Yevhen Konoplyanka,1,54,0,0,1,6.39,0.143,0.086,0.000,0.000,0.000
Yevhenii Makarenko,2,195,0,0,0,6.645,0.286,0.310,0.000,0.000,0.000
Yukhym Konoplya,1,90,0,0,0,5.92,0.143,0.143,0.000,0.000,0.000
Adrian Grbic,1,151,2,1,0.5,6.295,0.111,0.190,0.143,0.091,0.120
Aleksandar Dragovic,6,546,1,0,0.35,6.67,0.667,0.686,0.071,0.000,0.040
Alessandro Schöpf,1,103,1,0,1.5,6.91,0.111,0.129,0.071,0.000,0.040
Alexander Schlager,5,450,0,0,0,5.705,0.556,0.565,0.000,0.000,0.000
Andreas Ulmer,6,520,0,1,0.4,6.45,0.667,0.653,0.000,0.091,0.040
Christoph Baumgartner,7,616,2,2,3.25,7.52,0.778,0.774,0.143,0.182,0.160
Christoph Monschein,0,9,0,0,1,6.03,0.000,0.011,0.000,0.000,0.000
Christopher Trimmel,0,31,0,0,0,6.21,0.000,0.039,0.000,0.000,0.000
David Alaba,7,604,0,1,1.3,6.965,0.778,0.759,0.000,0.091,0.040
Ercan Kara,0,16,0,0,0,5.97,0.000,0.020,0.000,0.000,0.000
Florian Grillitsch,3,274,0,0,0.5,6.71,0.333,0.344,0.000,0.000,0.000
Gernot Trauner,2,181,0,0,0.5,6.385,0.222,0.227,0.000,0.000,0.000
Julian Baumgartlinger,5,399,0,0,0.3,6.53,0.556,0.501,0.000,0.000,0.000
Karim Onisiwo,1,131,1,0,0.5,6.37,0.111,0.165,0.071,0.000,0.040
Louis Schaub,1,119,1,0,0.75,6.785,0.111,0.149,0.071,0.000,0.040
Marcel Sabitzer,6,540,1,0,3.25,6.73,0.667,0.678,0.071,0.000,0.040
Marco Friedl,0,8,0,0,0,5.97,0.000,0.010,0.000,0.000,0.000
Marko Arnautovic,1,117,0,2,5,7.03,0.111,0.147,0.000,0.182,0.080
Martin Hinteregger,6,453,0,1,0.5,6.8,0.667,0.569,0.000,0.091,0.040
Michael Gregoritsch,5,412,2,0,1.2,6.485,0.556,0.518,0.143,0.000,0.080
Pavao Pervan,4,360,0,0,0,6.7,0.444,0.452,0.000,0.000,0.000
Philipp Lienhart,1,90,0,0,0,6.75,0.111,0.113,0.000,0.000,0.000
Reinhold Ranftl,2,221,0,0,1.3,6.55,0.222,0.278,0.000,0.000,0.000
Sasa Kalajdzic,3,236,3,0,1.35,6.785,0.333,0.296,0.214,0.000,0.120
Stefan Ilsanker,7,596,0,0,0.55,6.76,0.778,0.749,0.000,0.000,0.000
Stefan Lainer,9,796,0,3,0.9,6.9,1.000,1.000,0.000,0.273,0.120
Stefan Posch,2,225,0,0,0.5,6.385,0.222,0.283,0.000,0.000,0.000
Valentino Lazaro,0,25,0,0,0,5.92,0.000,0.031,0.000,0.000,0.000
Xaver Schlager,8,680,0,0,0.85,6.295,0.889,0.854,0.000,0.000,0.000
Yusuf Demir,0,5,0,0,0,6.28,0.000,0.006,0.000,0.000,0.000
Adam Hlozek,1,72,0,0,3,7.04,0.143,0.114,0.000,0.000,0.000
Adam Janos,1,90,0,0,2,7.19,0.143,0.143,0.000,0.000,0.000
Ales Mandous,1,90,0,0,0,5.91,0.143,0.143,0.000,0.000,0.000
Ales Mateju,2,180,0,0,0.5,7.34,0.286,0.286,0.000,0.000,0.000
Alex Kral,5,437,0,0,1,6.8,0.714,0.694,0.000,0.000,0.000
Antonin Barak,2,148,1,0,0.35,6.445,0.286,0.235,0.067,0.000,0.037
Antonin Rusek,0,9,0,0,1,6.19,0.000,0.014,0.000,0.000,0.000
Borek Dockal,1,91,1,0,2,6.55,0.143,0.144,0.067,0.000,0.037
David Hovorka,0,70,0,0,0,6.15,0.000,0.111,0.000,0.000,0.000
David Pavelka,0,12,0,0,0,5.99,0.000,0.019,0.000,0.000,0.000
David Zima,0,5,0,0,0,5.96,0.000,0.008,0.000,0.000,0.000
Jakub Brabec,2,180,0,0,0,7.54,0.286,0.286,0.000,0.000,0.000
Jakub Jankto,6,432,1,3,2.65,7.025,0.857,0.686,0.067,0.250,0.148
Jakub Pesek,1,76,1,0,3,7.18,0.143,0.121,0.067,0.000,0.037
Jan Boril,6,540,0,0,1,6.845,0.857,0.857,0.000,0.000,0.000
Jan Kopic,0,44,0,0,0,6.04,0.000,0.070,0.000,0.000,0.000
Jaroslav Zeleny,1,90,0,0,2,6.39,0.143,0.143,0.000,0.000,0.000
Jirí Pavlenka,1,90,0,0,0,6.17,0.143,0.143,0.000,0.000,0.000
Lukas Budinsky,1,55,0,0,1,6.28,0.143,0.087,0.000,0.000,0.000
Lukas Masopust,5,389,0,0,0.35,6.395,0.714,0.617,0.000,0.000,0.000
Lukáš Provod,5,414,1,0,1.15,6.93,0.714,0.657,0.067,0.000,0.037
Marek Havlik,1,81,0,0,1,6.76,0.143,0.129,0.000,0.000,0.000
Matej Vydra,2,217,1,0,1,6.19,0.286,0.344,0.067,0.000,0.037
Michael Krmencik,1,161,1,0,1,6.41,0.143,0.256,0.067,0.000,0.037
Michael Rabusic,0,13,0,0,1,6.01,0.000,0.021,0.000,0.000,0.000
Ondrej Celustka,6,465,0,0,0.85,6.535,0.857,0.738,0.000,0.000,0.000
Ondrej Kudela,5,447,0,0,0,6.435,0.714,0.710,0.000,0.000,0.000
Patrik Schick,2,127,1,2,3.5,7.44,0.286,0.202,0.067,0.167,0.111
Pavel Kaderábek,1,133,0,1,0.75,6.47,0.143,0.211,0.000,0.083,0.037
Petr Sevcik,0,51,0,0,0,6.13,0.000,0.081,0.000,0.000,0.000
Radim Breite,0,35,0,0,0,6.28,0.000,0.056,0.000,0.000,0.000
Roman Hubnik,1,90,0,0,1,6.53,0.143,0.143,0.000,0.000,0.000
Roman Potocny,0,14,0,0,1,6.38,0.000,0.022,0.000,0.000,0.000
Stanislav Tecl,1,90,0,1,1,6.68,0.143,0.143,0.000,0.083,0.037
Tomas Kalas,3,270,0,0,0.7,7.03,0.429,0.429,0.000,0.000,0.000
Tomas Malinsky,1,90,0,0,2,5.28,0.143,0.143,0.000,0.000,0.000
Tomas Pekhart,0,26,0,0,0,5.91,0.000,0.041,0.000,0.000,0.000
Tomas Soucek,7,630,4,0,1.9,7.745,1.000,1.000,0.267,0.000,0.148
Tomás Holes,3,247,0,0,0.65,6.44,0.429,0.392,0.000,0.000,0.000
Tomás Koubek,0,45,0,0,0,6.54,0.000,0.071,0.000,0.000,0.000
Tomás Petrásek,0,1,0,0,0,6,0.000,0.002,0.000,0.000,0.000
Tomás Poznar,0,25,0,0,0,5.93,0.000,0.040,0.000,0.000,0.000
Tomás Vaclik,7,586,0,0,0,6.48,1.000,0.930,0.000,0.000,0.000
Vaclav Cerny,0,45,0,1,1,7,0.000,0.071,0.000,0.083,0.037
Vaclav Jemelka,1,90,0,0,2,6.93,0.143,0.143,0.000,0.000,0.000
Vladimir Coufal,7,627,1,1,0.55,6.975,1.000,0.995,0.067,0.083,0.074
Vladimír Darida,7,624,1,3,1.65,7.36,1.000,0.990,0.067,0.250,0.148
Zdenek Ondrasek,2,128,1,0,2,7.28,0.286,0.203,0.067,0.000,0.037
Arkadiusz Milik,3,374,0,1,1.45,6.385,0.375,0.497,0.000,0.077,0.038
Arkadiusz Reca,4,344,0,0,0,6.45,0.500,0.457,0.000,0.000,0.000
Bartosz Bereszynski,6,528,0,1,0.15,6.65,0.750,0.702,0.000,0.077,0.038
Damian Kadzior,0,26,0,0,1,6.27,0.000,0.035,0.000,0.000,0.000
Grzegorz Krychowiak,8,678,0,1,1.05,6.675,1.000,0.902,0.000,0.077,0.038
Jacek Góralski,2,212,0,0,0.7,6.62,0.250,0.282,0.000,0.000,0.000
Jakub Moder,4,318,1,0,0.4,6.56,0.500,0.423,0.077,0.000,0.038
Jan Bednarek,7,630,0,0,0,6.335,0.875,0.838,0.000,0.000,0.000
Kacper Kozlowski,0,17,0,0,1,6.5,0.000,0.023,0.000,0.000,0.000
Kamil Glik,8,752,1,0,0.65,6.805,1.000,1.000,0.077,0.000,0.038
Kamil Grosicki,2,297,1,2,0.65,6.595,0.250,0.395,0.077,0.154,0.115
Kamil Jozwiak,7,608,2,2,0.7,7.265,0.875,0.809,0.154,0.154,0.154
Kamil Piatkowski,1,90,0,0,0,7.06,0.125,0.120,0.000,0.000,0.000
Karol Linetty,2,197,1,0,1.2,6.58,0.250,0.262,0.077,0.000,0.038
Karol Swiderski,1,73,1,0,1,6.52,0.125,0.097,0.077,0.000,0.038
Krzysztof Piatek,3,331,1,0,2.15,6.55,0.375,0.440,0.077,0.000,0.038
Lukasz Fabianski,3,270,0,0,0,6.61,0.375,0.359,0.000,0.000,0.000
Maciej Rybus,3,256,0,2,0.25,6.96,0.375,0.340,0.000,0.154,0.077
Mateusz Klich,4,336,0,1,0.2,6.39,0.500,0.447,0.000,0.077,0.038
Michal Helik,2,112,0,0,0,5.73,0.250,0.149,0.000,0.000,0.000
Michal Karbownik,0,26,0,0,0,6.12,0.000,0.035,0.000,0.000,0.000
Pawel Dawidowicz,0,31,0,0,0,6.42,0.000,0.041,0.000,0.000,0.000
Piotr Zielinski,6,525,0,1,0.5,6.64,0.750,0.698,0.000,0.077,0.038
Przemyslaw Placheta,1,106,0,0,2,6.605,0.125,0.141,0.000,0.000,0.000
Rafal Augustyniak,0,14,0,0,1,5.79,0.000,0.019,0.000,0.000,0.000
Robert Lewandowski,6,429,5,2,2.75,7.605,0.750,0.570,0.385,0.154,0.269
Sebastian Szymanski,4,265,0,0,0,6.375,0.500,0.352,0.000,0.000,0.000
Sebastian Walukiewicz,1,90,0,0,0,7.5,0.125,0.120,0.000,0.000,0.000
Tomasz Kedziora,5,432,0,0,0,6.79,0.625,0.574,0.000,0.000,0.000
Wojciech Szczesny,6,540,0,0,0,6.45,0.750,0.718,0.000,0.000,0.000
Aaron Ramsey,1,90,0,0,3,6.7,0.125,0.125,0.000,0.000,0.000
Adam Davies,0,11,0,0,0,6.13,0.000,0.015,0.000,0.000,0.000
Ben Cabango,0,1,0,0,0,6,0.000,0.001,0.000,0.000,0.000
Ben Davies,5,450,0,0,0.4,7.12,0.625,0.625,0.000,0.000,0.000
Chris Gunter,0,1,0,0,0,6,0.000,0.001,0.000,0.000,0.000
Chris Mepham,5,416,0,0,0.15,6.82,0.625,0.578,0.000,0.000,0.000
Connor Roberts,6,502,0,0,0.15,6.16,0.750,0.697,0.000,0.000,0.000
Daniel James,8,670,2,2,1.6,7.035,1.000,0.931,0.222,0.222,0.222
Danny Ward,4,360,0,0,0,6.58,0.500,0.500,0.000,0.000,0.000
David Brooks,2,178,1,0,1.5,6.73,0.250,0.247,0.111,0.000,0.056
Dylan Levitt,1,131,0,0,0,6.43,0.125,0.182,0.000,0.000,0.000
Ethan Ampadu,8,720,0,0,0,6.805,1.000,1.000,0.000,0.000,0.000
Gareth Bale,6,461,0,4,2.75,7.27,0.750,0.640,0.000,0.444,0.222
Hal Robson-Kanu,0,29,0,0,0,6,0.000,0.040,0.000,0.000,0.000
Harry Wilson,5,415,2,0,1,6.665,0.625,0.576,0.222,0.000,0.111
James Lawrence,3,226,0,0,0,6.475,0.375,0.314,0.000,0.000,0.000
Joe Allen,1,8,0,0,0,6.15,0.125,0.011,0.000,0.000,0.000
Joe Morrell,6,622,0,1,0.2,6.755,0.750,0.864,0.000,0.111,0.056
Joe Rodon,6,540,0,0,0.65,7.065,0.750,0.750,0.000,0.000,0.000
Jonathan Williams,1,106,1,1,0.15,6.645,0.125,0.147,0.111,0.111,0.111
Kieffer Moore,3,354,2,0,0.85,6.44,0.375,0.492,0.222,0.000,0.111
Matthew Smith,3,229,0,0,0,6.56,0.375,0.318,0.000,0.000,0.000
Neco Williams,4,439,1,1,0.55,7.095,0.500,0.610,0.111,0.111,0.111
Rabbi Matondo,0,36,0,0,2,6.74,0.000,0.050,0.000,0.000,0.000
Rhys Norrington-Davies,3,242,0,0,0.7,6.67,0.375,0.336,0.000,0.000,0.000
Tom Lawrence,0,29,0,0,1,6.5,0.000,0.040,0.000,0.000,0.000
Tom Lockyer,2,180,0,0,0,6.93,0.250,0.250,0.000,0.000,0.000
Tyler Roberts,1,117,0,0,0.35,6.345,0.125,0.163,0.000,0.000,0.000
Wayne Hennessey,4,349,0,0,0,6.64,0.500,0.485,0.000,0.000,0.000
Andrej Kramaric,3,288,1,0,1.4,6.19,0.333,0.356,0.083,0.000,0.050
Ante Budimir,3,224,0,0,0.15,6.245,0.333,0.277,0.000,0.000,0.000
Ante Rebic,2,136,0,1,0,6.49,0.222,0.168,0.000,0.125,0.050
Borna Barisic,5,439,0,1,0.15,6.635,0.556,0.542,0.000,0.125,0.050
Bruno Petkovic,1,95,1,0,0.3,6.43,0.111,0.117,0.083,0.000,0.050
Dario Melnjak,3,234,0,0,0,6.56,0.333,0.289,0.000,0.000,0.000
Dejan Lovren,7,630,1,0,0.45,6.955,0.778,0.778,0.083,0.000,0.050
Domagoj Bradaric,1,118,0,0,0,6.29,0.111,0.146,0.000,0.000,0.000
Domagoj Vida,4,393,0,0,0.5,6.325,0.444,0.485,0.000,0.000,0.000
Dominik Livakovic,9,810,0,0,0,6.39,1.000,1.000,0.000,0.000,0.000
Duje Caleta-Car,5,450,0,0,0,6.73,0.556,0.556,0.000,0.000,0.000
Filip Uremovic,4,278,0,0,0.3,6.26,0.444,0.343,0.000,0.000,0.000
Ivan Perisic,7,641,1,2,1.4,6.925,0.778,0.791,0.083,0.250,0.150
Josip Brekalo,4,455,2,2,1.15,6.62,0.444,0.562,0.167,0.250,0.200
Josip Juranovic,2,274,0,0,0.25,6.755,0.222,0.338,0.000,0.000,0.000
Kristijan Lovric,0,12,0,0,2,6.12,0.000,0.015,0.000,0.000,0.000
Luka Modric,6,576,1,0,1.05,7.165,0.667,0.711,0.083,0.000,0.050
Marcelo Brozovic,4,389,0,0,0.75,6.635,0.444,0.480,0.000,0.000,0.000
Marin Pongracic,1,77,0,0,0,6.58,0.111,0.095,0.000,0.000,0.000
Mario Pasalic,5,379,1,0,1.6,6.425,0.556,0.468,0.083,0.000,0.050
Marko Rog,1,64,0,0,1,6.16,0.111,0.079,0.000,0.000,0.000
Mateo Kovacic,7,638,2,1,0.5,7.18,0.778,0.788,0.167,0.125,0.150
Milan Badelj,2,100,0,0,0,6.3,0.222,0.123,0.000,0.000,0.000
Mile Skoric,1,90,0,0,0,6.34,0.111,0.111,0.000,0.000,0.000
Mislav Orsic,1,153,0,0,1.15,6.28,0.111,0.189,0.000,0.000,0.000
Nikola Vlasic,8,707,2,1,2,7.04,0.889,0.873,0.167,0.125,0.150
Sime Vrsaljko,2,136,0,0,0.5,6.49,0.222,0.168,0.000,0.000,0.000
Tin Jedvaj,1,90,0,0,0,6.19,0.111,0.111,0.000,0.000,0.000
Toma Basic,0,1,0,0,0,6,0.000,0.001,0.000,0.000,0.000
Albin Ekdal,4,359,0,0,0.5,6.31,0.500,0.514,0.000,0.000,0.000
Alexander Isak,4,326,1,0,1.9,6.79,0.500,0.467,0.111,0.000,0.067
Carl Mikael Lustig,7,564,0,1,0.45,6.69,0.875,0.808,0.000,0.167,0.067
Dejan Kulusevski,6,549,1,0,0.85,6.32,0.750,0.787,0.111,0.000,0.067
Emil Forsberg,6,545,0,1,2.4,6.895,0.750,0.781,0.000,0.167,0.067
Emil Krafth,1,120,0,0,0,6.185,0.125,0.172,0.000,0.000,0.000
Filip Helander,3,294,0,0,0.25,6.74,0.375,0.421,0.000,0.000,0.000
Gustav Svensson,1,44,0,0,0,5.1,0.125,0.063,0.000,0.000,0.000
Jens Cajuste,0,3,0,0,0,6.34,0.000,0.004,0.000,0.000,0.000
John Guidetti,0,13,0,0,2,6.04,0.000,0.019,0.000,0.000,0.000
Ken Sema,0,2,0,0,0,6.15,0.000,0.003,0.000,0.000,0.000
Kristoffer Nordfeldt,2,180,0,0,0,6.98,0.250,0.258,0.000,0.000,0.000
Kristoffer Olsson,8,698,0,0,0.5,6.58,1.000,1.000,0.000,0.000,0.000
Ludwig Augustinsson,4,353,1,0,0.5,6.755,0.500,0.506,0.111,0.000,0.067
Marcus Berg,6,557,1,0,0.85,6.375,0.750,0.798,0.111,0.000,0.067
Marcus Danielson,2,180,1,0,1,6.79,0.250,0.258,0.111,0.000,0.067
Martin Olsson,0,2,0,0,0,6.01,0.000,0.003,0.000,0.000,0.000
Mattias Johansson,0,36,0,0,0,6.4,0.000,0.052,0.000,0.000,0.000
Mattias Svanberg,0,29,0,0,0.5,6.11,0.000,0.042,0.000,0.000,0.000
Pierre Bengtsson,4,365,0,1,0.15,6.265,0.500,0.523,0.000,0.167,0.067
Pontus Jansson,4,360,0,0,0.3,6.03,0.500,0.516,0.000,0.000,0.000
Robin Olsen,6,540,0,0,0,6.39,0.750,0.774,0.000,0.000,0.000
Robin Quaison,2,210,1,0,0.65,6.185,0.250,0.301,0.111,0.000,0.067
Sebastian Larsson,5,436,1,1,0.85,6.85,0.625,0.625,0.111,0.167,0.133
Victor Lindelöf,7,606,0,0,0.35,6.875,0.875,0.868,0.000,0.000,0.000
Viktor Claesson,4,354,2,0,1,6.955,0.500,0.507,0.222,0.000,0.133
Zlatan Ibrahimovic,2,151,0,2,3,7.81,0.250,0.216,0.000,0.333,0.133
Abdülkadir Ömür,0,13,0,0,0,5.98,0.000,0.019,0.000,0.000,0.000
Ahmed Kutucu,1,46,0,0,1,6.2,0.125,0.068,0.000,0.000,0.000
Berkay Özcan,0,19,0,0,0,6.03,0.000,0.028,0.000,0.000,0.000
Burak Yilmaz,6,548,4,0,2.4,7.025,0.750,0.808,0.250,0.000,0.160
Caner Erkin,3,310,0,1,0.15,6.665,0.375,0.457,0.000,0.111,0.040
Cengiz Ünder,2,226,1,0,2.8,7.12,0.250,0.333,0.063,0.000,0.040
Cenk Tosun,2,151,1,0,3,6.75,0.250,0.223,0.063,0.000,0.040
Deniz Türüç,0,53,0,0,0.5,6.06,0.000,0.078,0.000,0.000,0.000
Efecan Karaca,1,46,0,0,0,6.06,0.125,0.068,0.000,0.000,0.000
Emre Kilinc,1,76,0,0,0,7.27,0.125,0.112,0.000,0.000,0.000
Enes Ünal,1,126,0,0,0.6,6.15,0.125,0.186,0.000,0.000,0.000
Fehmi Mert Günok,5,450,0,0,0,6.47,0.625,0.664,0.000,0.000,0.000
Hakan Calhanoglu,8,659,3,4,2.45,7.32,1.000,0.972,0.188,0.444,0.280
Halil Akbunar,0,4,0,0,0,6.03,0.000,0.006,0.000,0.000,0.000
Hasan Ali Kaldirim,2,117,0,0,1,6.53,0.250,0.173,0.000,0.000,0.000
Irfan Can Kahveci,1,97,0,0,0,6.29,0.125,0.143,0.000,0.000,0.000
Kaan Ayhan,3,284,0,1,0,6.49,0.375,0.419,0.000,0.111,0.040
Kenan Karaman,8,678,3,1,1.4,6.895,1.000,1.000,0.188,0.111,0.160
Mahmut Tekdemir,4,338,0,0,0.4,6.39,0.500,0.499,0.000,0.000,0.000
Mehmet Zeki Çelik,5,380,0,0,0.15,6.715,0.625,0.560,0.000,0.000,0.000
Merih Demiral,5,450,0,0,0.6,6.64,0.625,0.664,0.000,0.000,0.000
Mert Hakan Yandas,1,58,0,0,1,6.6,0.125,0.086,0.000,0.000,0.000
Mert Müldür,3,270,0,0,0,6.96,0.375,0.398,0.000,0.000,0.000
Nazim Sangaré,1,135,0,0,0,6.48,0.125,0.199,0.000,0.000,0.000
Okay Yokuslu,5,460,0,0,0.5,6.825,0.625,0.678,0.000,0.000,0.000
Orkun Kökcü,1,67,0,0,0.5,6.21,0.125,0.099,0.000,0.000,0.000
Ozan Kabak,5,480,0,0,0.15,6.55,0.625,0.708,0.000,0.000,0.000
Ozan Tufan,8,660,3,0,1.6,7.215,1.000,0.973,0.188,0.000,0.120
Taylan Antalyali,0,71,0,0,0.3,6.19,0.000,0.105,0.000,0.000,0.000
Ugurcan Çakir,4,360,0,0,0,6.6,0.500,0.531,0.000,0.000,0.000
Umut Meras,4,447,0,1,0.15,6.775,0.500,0.659,0.000,0.111,0.040
Yusuf Yazici,4,389,0,1,1.9,6.565,0.500,0.574,0.000,0.111,0.040
Çaglar Söyüncü,5,450,1,0,0.4,6.825,0.625,0.664,0.063,0.000,0.040
Admir Mehmedi,1,88,0,0,0.35,6.145,0.143,0.140,0.000,0.000,0.000
Albian Ajeti,0,17,0,0,0,5.97,0.000,0.027,0.000,0.000,0.000
Becir Omeragic,0,6,0,0,0,6.12,0.000,0.010,0.000,0.000,0.000
Breel Embolo,5,408,1,3,0.85,7.175,0.714,0.648,0.100,0.375,0.222
Cedric Itten,0,5,0,0,0,5.92,0.000,0.008,0.000,0.000,0.000
Denis Zakaria,0,40,0,0,1,6.32,0.000,0.063,0.000,0.000,0.000
Djibril Sow,3,268,0,0,0.7,6.205,0.429,0.425,0.000,0.000,0.000
Edimilson Fernandes,1,143,0,0,0,6.46,0.143,0.227,0.000,0.000,0.000
Fabian Schär,2,180,0,0,0,5.23,0.286,0.286,0.000,0.000,0.000
Granit Xhaka,7,630,0,1,1.1,6.965,1.000,1.000,0.000,0.125,0.056
Haris Seferovic,7,615,2,1,3.4,7.05,1.000,0.976,0.200,0.125,0.167
Kevin Mbabu,2,180,0,0,0,6.085,0.286,0.286,0.000,0.000,0.000
Loris Benito,2,176,0,0,0.7,6.57,0.286,0.279,0.000,0.000,0.000
Manuel Akanji,5,450,0,0,0.4,6.71,0.714,0.714,0.000,0.000,0.000
Mario Gavranovic,1,107,2,0,1.25,6.65,0.143,0.170,0.200,0.000,0.111
Michel Aebischer,0,18,0,0,0.5,6.17,0.000,0.029,0.000,0.000,0.000
Nico Elvedi,7,619,0,0,0.6,6.89,1.000,0.983,0.000,0.000,0.000
Remo Freuler,5,413,2,1,0.6,7,0.714,0.656,0.200,0.125,0.167
Renato Steffen,1,153,0,0,0.7,6.42,0.143,0.243,0.000,0.000,0.000
Ricardo Rodríguez,7,604,0,1,0.7,7.125,1.000,0.959,0.000,0.125,0.056
Ruben Vargas,2,218,0,0,1.5,6.545,0.286,0.346,0.000,0.000,0.000
Silvan Widmer,4,331,1,0,1.15,6.835,0.571,0.525,0.100,0.000,0.056
Steven Zuber,4,304,1,0,0.95,6.7,0.571,0.483,0.100,0.000,0.056
Xherdan Shaqiri,4,324,1,1,1.5,7.085,0.571,0.514,0.100,0.125,0.111
Yann Sommer,7,630,0,0,0,6.475,1.000,1.000,0.000,0.000,0.000
Calvin Stengs,1,86,0,0,0.25,6.38,0.111,0.106,0.000,0.000,0.000
Daley Blind,7,563,0,0,0.65,6.555,0.778,0.695,0.000,0.000,0.000
Davy Klaassen,4,337,1,2,2.25,7.15,0.444,0.416,0.056,0.143,0.094
Denzel Dumfries,4,344,0,2,0.5,6.795,0.444,0.425,0.000,0.143,0.063
Donny van de Beek,2,233,2,0,0.7,6.505,0.222,0.288,0.111,0.000,0.063
Donyell Malen,3,264,1,0,2,6.535,0.333,0.326,0.056,0.000,0.031
Frenkie de Jong,9,810,0,0,0.35,7.415,1.000,1.000,0.000,0.000,0.000
Georginio Wijnaldum,9,773,4,1,3.05,7.305,1.000,0.954,0.222,0.071,0.156
Hans Hateboer,4,353,0,1,0.2,6.51,0.444,0.436,0.000,0.071,0.031
Jasper Cillessen,4,360,0,0,0,6.64,0.444,0.444,0.000,0.000,0.000
Joël Veltman,2,193,0,0,0,6.68,0.222,0.238,0.000,0.000,0.000
Kenny Tete,1,69,0,0,1,6.13,0.111,0.085,0.000,0.000,0.000
Luuk de Jong,5,474,3,0,2.65,7.19,0.556,0.585,0.167,0.000,0.094
Marten de Roon,4,332,0,0,0.5,6.54,0.444,0.410,0.000,0.000,0.000
Matthijs de Ligt,3,270,0,0,1.7,7.61,0.333,0.333,0.000,0.000,0.000
Memphis Depay,8,708,4,3,6.15,8.26,0.889,0.874,0.222,0.214,0.219
Nathan Aké,3,265,0,0,0.5,6.7,0.333,0.327,0.000,0.000,0.000
Owen Wijndal,4,361,0,2,0.75,7.085,0.444,0.446,0.000,0.143,0.063
Patrick van Aanholt,1,89,0,0,1,6.16,0.111,0.110,0.000,0.000,0.000
Quincy Promes,3,277,0,0,1.5,6.59,0.333,0.342,0.000,0.000,0.000
Ryan Babel,0,25,0,0,0.5,6.06,0.000,0.031,0.000,0.000,0.000
Ryan Gravenberch,0,64,0,0,0,6.49,0.000,0.079,0.000,0.000,0.000
Stefan de Vrij,4,360,0,0,0.8,6.9,0.444,0.444,0.000,0.000,0.000
Steven Berghuis,4,385,2,3,3,7.96,0.444,0.475,0.111,0.214,0.156
Steven Bergwijn,1,108,1,0,0.75,6.385,0.111,0.133,0.056,0.000,0.031
Tim Krul,5,450,0,0,0,6.225,0.556,0.556,0.000,0.000,0.000
Virgil van Dijk,4,360,0,0,0.5,6.82,0.444,0.444,0.000,0.000,0.000
Andreas Christensen,8,676,0,0,0.25,7.005,0.889,0.883,0.000,0.000,0.000
Andreas Cornelius,0,7,0,0,0,6.1,0.000,0.009,0.000,0.000,0.000
Andreas Skov Olsen,1,118,2,2,0.65,6.81,0.111,0.154,0.100,0.182,0.129
Christian Eriksen,8,733,4,0,2.05,7.055,0.889,0.957,0.200,0.000,0.129
Christian Nørgaard,2,153,0,0,0.15,6.68,0.222,0.200,0.000,0.000,0.000
Daniel Wass,8,700,0,0,0.9,7.26,0.889,0.914,0.000,0.000,0.000
Frederik Rönnow,0,45,0,0,0,6.63,0.000,0.059,0.000,0.000,0.000
Jannik Vestergaard,2,196,0,0,0,7.06,0.222,0.256,0.000,0.000,0.000
Jens Jonsson,0,47,0,0,0,6.2,0.000,0.061,0.000,0.000,0.000
Jens Stryger Larsen,2,185,1,0,0.15,6.47,0.222,0.242,0.050,0.000,0.032
Joachim Andersen,1,128,0,0,0,6.94,0.111,0.167,0.000,0.000,0.000
Joakim Maehle,3,340,1,0,0.75,6.785,0.333,0.444,0.050,0.000,0.032
Jonas Wind,3,231,2,1,0.75,7.105,0.333,0.302,0.100,0.091,0.097
Kasper Dolberg,5,378,2,0,1.5,7.08,0.556,0.493,0.100,0.000,0.065
Kasper Schmeichel,9,766,0,0,0,6.65,1.000,1.000,0.000,0.000,0.000
Lasse Schöne,1,77,0,0,1,7.51,0.111,0.101,0.000,0.000,0.000
Lucas Andersen,0,28,0,0,0,6.07,0.000,0.037,0.000,0.000,0.000
Marcus Ingvartsen,0,12,1,0,1,6.87,0.000,0.016,0.050,0.000,0.032
Martin Braithwaite,8,649,1,1,1.9,7.15,0.889,0.847,0.050,0.091,0.065
Mathias Jensen,2,168,1,0,0.5,7.34,0.222,0.219,0.050,0.000,0.032
Mikkel Damsgaard,1,90,2,2,6,10,0.111,0.117,0.100,0.182,0.129
Nicolai Boilesen,1,90,0,1,0,8.42,0.111,0.117,0.000,0.091,0.032
Pierre-Emile Højbjerg,6,555,1,2,0.7,7.44,0.667,0.725,0.050,0.182,0.097
Pione Sisto,0,66,0,0,0.3,6.15,0.000,0.086,0.000,0.000,0.000
Rasmus Falk,0,14,0,0,0,6.01,0.000,0.018,0.000,0.000,0.000
Robert Skov,4,350,2,0,1.75,7.145,0.444,0.457,0.100,0.000,0.065
Simon Kjaer,7,649,0,0,0.75,7.06,0.778,0.847,0.000,0.000,0.000
Thomas Delaney,8,685,0,2,0.75,7.2,0.889,0.894,0.000,0.182,0.065
Yussuf Poulsen,8,634,0,0,0.85,6.58,0.889,0.828,0.000,0.000,0.000
Zanka,1,145,0,0,0,6.38,0.111,0.189,0.000,0.000,0.000
Amin Younes,0,39,0,0,0.3,6.17,0.000,0.053,0.000,0.000,0.000
Antonio Rüdiger,8,720,0,1,0.85,6.83,1.000,0.982,0.000,0.083,0.037
Benjamin Henrichs,0,14,0,0,0,6.24,0.000,0.019,0.000,0.000,0.000
Bernd Leno,1,90,0,0,0,6.96,0.125,0.123,0.000,0.000,0.000
Emre Can,4,386,0,0,0.75,6.83,0.500,0.527,0.000,0.000,0.000
Florian Neuhaus,0,49,0,0,0,5.985,0.000,0.067,0.000,0.000,0.000
Gian-Luca Waldschmidt,0,33,0,0,0,5.93,0.000,0.045,0.000,0.000,0.000
Ilkay Gündogan,7,614,3,0,1.1,7.265,0.875,0.838,0.200,0.000,0.111
Jamal Musiala,0,12,0,0,0,6.38,0.000,0.016,0.000,0.000,0.000
Jonathan Tah,0,73,0,0,0,6.24,0.000,0.100,0.000,0.000,0.000
Joshua Kimmich,5,450,0,0,1.75,7.04,0.625,0.614,0.000,0.000,0.000
Julian Brandt,0,59,0,0,1,6.15,0.000,0.080,0.000,0.000,0.000
Julian Draxler,3,273,0,0,2,6.9,0.375,0.372,0.000,0.000,0.000
Kai Havertz,4,290,2,2,1,7.275,0.500,0.396,0.133,0.167,0.148
Kevin Trapp,1,90,0,0,0,7.11,0.125,0.123,0.000,0.000,0.000
Leon Goretzka,7,582,2,2,2.5,7.055,0.875,0.794,0.133,0.167,0.148
Leroy Sané,7,515,1,1,1.15,7.035,0.875,0.703,0.067,0.083,0.074
Lukas Klostermann,4,360,0,0,0.25,6.84,0.500,0.491,0.000,0.000,0.000
Manuel Neuer,6,540,0,0,0,6.505,0.750,0.737,0.000,0.000,0.000
Marc-André ter Stegen,1,90,0,0,0,6.03,0.125,0.123,0.000,0.000,0.000
Marcel Halstenberg,1,123,0,0,0,6.33,0.125,0.168,0.000,0.000,0.000
Matthias Ginter,8,733,1,2,0.6,6.59,1.000,1.000,0.067,0.167,0.111
Niklas Süle,5,378,0,0,0.4,6.43,0.625,0.516,0.000,0.000,0.000
Philipp Max,2,180,0,0,0,6.66,0.250,0.246,0.000,0.000,0.000
Robin Gosens,4,281,0,1,0.15,6.38,0.500,0.383,0.000,0.083,0.037
Robin Koch,2,181,0,0,0.3,6.02,0.250,0.247,0.000,0.000,0.000
Serge Gnabry,7,626,2,2,2.75,7.265,0.875,0.854,0.133,0.167,0.148
Suat Serdar,0,16,0,0,0,5.96,0.000,0.022,0.000,0.000,0.000
Thilo Kehrer,2,180,0,0,0.5,6.64,0.250,0.246,0.000,0.000,0.000
Timo Werner,5,490,4,1,1.5,6.53,0.625,0.668,0.267,0.083,0.185
Toni Kroos,5,450,0,0,2,6.81,0.625,0.614,0.000,0.000,0.000
Adama Traoré,1,140,0,0,0.7,6.96,0.143,0.218,0.000,0.000,0.000
Ansu Fati,3,250,1,0,2,7.19,0.429,0.390,0.053,0.000,0.029
Bryan Gil,1,71,0,0,0,6.33,0.143,0.111,0.000,0.000,0.000
Dani Ceballos,0,45,0,0,0,6.33,0.000,0.070,0.000,0.000,0.000
Dani Olmo,6,501,2,1,2.5,7.01,0.857,0.782,0.105,0.063,0.086
Daniel Carvajal,1,90,0,0,0,6.79,0.143,0.140,0.000,0.000,0.000
David de Gea,4,360,0,0,0,6.92,0.571,0.562,0.000,0.000,0.000
Diego Llorente,1,46,0,0,0,6.04,0.143,0.072,0.000,0.000,0.000
Eric García,3,342,0,0,0.35,6.625,0.429,0.534,0.000,0.000,0.000
Fabián Ruiz,3,290,0,3,0.9,6.73,0.429,0.452,0.000,0.188,0.086
Ferran Torres,7,641,6,0,3.25,7.315,1.000,1.000,0.316,0.000,0.171
Gerard Moreno,1,139,2,0,1,6.73,0.143,0.217,0.105,0.000,0.057
Jesús Navas,4,316,0,0,0.8,6.92,0.571,0.493,0.000,0.000,0.000
Jordi Alba,2,180,0,3,0.5,7.63,0.286,0.281,0.000,0.188,0.086
José Gayà,4,360,1,2,0.35,6.74,0.571,0.562,0.053,0.125,0.086
Koke,3,270,0,2,1.25,7.195,0.429,0.421,0.000,0.125,0.057
Marco Asensio,0,17,0,0,0,6.14,0.000,0.027,0.000,0.000,0.000
Marcos Llorente,2,205,0,0,0.7,6.65,0.286,0.320,0.000,0.000,0.000
Mikel Merino,4,339,0,1,1.4,6.95,0.571,0.529,0.000,0.063,0.029
Mikel Oyarzabal,2,230,2,0,0.75,6.35,0.286,0.359,0.105,0.000,0.057
Pau Torres,6,540,0,0,0.2,6.89,0.857,0.842,0.000,0.000,0.000
Pedri,2,185,0,1,0.7,6.79,0.286,0.289,0.000,0.063,0.029
Pedro Porro,1,65,0,0,0,6.96,0.143,0.101,0.000,0.000,0.000
Rodri,4,349,1,0,0.65,6.885,0.571,0.544,0.053,0.000,0.029
Rodrigo,2,148,0,1,3.5,6.55,0.286,0.231,0.000,0.063,0.029
Sergi Roberto,2,180,0,0,0.5,6.82,0.286,0.281,0.000,0.000,0.000
Sergio Busquets,5,374,0,0,0.15,7.175,0.714,0.583,0.000,0.000,0.000
Sergio Canales,3,208,0,0,0.15,6.31,0.429,0.324,0.000,0.000,0.000
Sergio Ramos,7,514,2,0,1.6,6.785,1.000,0.802,0.105,0.000,0.057
Sergio Reguilón,3,270,0,2,1,7.47,0.429,0.421,0.000,0.125,0.057
Thiago,2,233,0,0,0.5,6.905,0.286,0.363,0.000,0.000,0.000
Unai Simón,5,450,0,0,0,6.12,0.714,0.702,0.000,0.000,0.000
Álvaro Morata,4,356,2,0,2.6,7.2,0.571,0.555,0.105,0.000,0.057
Íñigo Martínez,1,180,0,0,0.3,6.31,0.143,0.281,0.000,0.000,0.000
Óscar Rodríguez,0,31,0,0,2,6.5,0.000,0.048,0.000,0.000,0.000
André Silva,1,93,1,0,0.75,6.625,0.111,0.115,0.059,0.000,0.032
Anthony Lopes,5,450,0,0,0,6.405,0.556,0.556,0.000,0.000,0.000
Bernardo Silva,8,573,1,2,1.35,7.05,0.889,0.707,0.059,0.143,0.097
Bruno Fernandes,7,601,0,1,2.75,7.27,0.778,0.742,0.000,0.071,0.032
Cristiano Ronaldo,7,621,3,0,5.6,7.125,0.778,0.767,0.176,0.000,0.097
Cédric Soares,1,90,0,0,0,6.38,0.111,0.111,0.000,0.000,0.000
Daniel Podence,0,16,0,0,1,6.09,0.000,0.020,0.000,0.000,0.000
Danilo Pereira,7,612,0,0,0.65,6.895,0.778,0.756,0.000,0.000,0.000
Diogo Jota,5,480,6,2,2.4,7.37,0.556,0.593,0.353,0.143,0.258
Domingos Duarte,1,90,0,0,1,7.03,0.111,0.111,0.000,0.000,0.000
Gonçalo Guedes,0,68,0,0,0,6.69,0.000,0.084,0.000,0.000,0.000
José Fonte,3,270,0,0,1,6.455,0.333,0.333,0.000,0.000,0.000
João Cancelo,7,632,1,2,1.25,7.285,0.778,0.780,0.059,0.143,0.097
João Félix,7,560,2,1,1.7,6.735,0.778,0.691,0.118,0.071,0.097
João Moutinho,4,321,0,0,0.25,6.935,0.444,0.396,0.000,0.000,0.000
João Palhinha,0,25,1,0,0.3,6.48,0.000,0.031,0.059,0.000,0.032
Mário Rui,1,71,0,0,0,6.37,0.111,0.088,0.000,0.000,0.000
Nuno Mendes,2,198,0,0,0.3,7.28,0.222,0.244,0.000,0.000,0.000
Nélson Semedo,2,180,0,0,0.5,7.53,0.222,0.222,0.000,0.000,0.000
Paulinho,0,18,0,0,0,6.05,0.000,0.022,0.000,0.000,0.000
Pedro Neto,1,112,0,2,1,7.59,0.111,0.138,0.000,0.143,0.065
Pepe,4,360,0,1,1,7.43,0.444,0.444,0.000,0.071,0.032
Rafa,0,51,0,0,0,6.19,0.000,0.063,0.000,0.000,0.000
Raphael Guerreiro,5,449,0,1,1,7.23,0.556,0.554,0.000,0.071,0.032
Renato Sanches,1,119,0,0,1,6.56,0.111,0.147,0.000,0.000,0.000
Rui Patrício,4,360,0,0,0,6.91,0.444,0.444,0.000,0.000,0.000
Rúben Dias,9,810,2,0,0.9,7.05,1.000,1.000,0.118,0.000,0.065
Rúben Neves,2,194,0,0,1,6.545,0.222,0.240,0.000,0.000,0.000
Rúben Semedo,1,90,0,1,0,7.94,0.111,0.111,0.000,0.071,0.032
Sérgio Oliveira,1,102,0,0,0.3,6.145,0.111,0.126,0.000,0.000,0.000
Trincão,0,76,0,0,1.3,6.49,0.000,0.094,0.000,0.000,0.000
William Carvalho,3,224,0,1,0.3,6.88,0.333,0.277,0.000,0.071,0.032
Ainsley Maitland-Niles,1,44,0,0,0,6.13,0.125,0.062,0.000,0.000,0.000
Ben Chilwell,3,218,0,1,0.25,6.795,0.375,0.309,0.000,0.077,0.034
Bukayo Saka,1,142,0,0,2.5,7.03,0.125,0.201,0.000,0.000,0.000
Conor Coady,3,270,0,0,0.25,6.81,0.375,0.382,0.000,0.000,0.000
Danny Ings,0,22,0,0,0,6.52,0.000,0.031,0.000,0.000,0.000
Declan Rice,8,706,1,0,0.5,7.27,1.000,1.000,0.063,0.000,0.034
Dominic Calvert-Lewin,2,169,2,0,1.85,6.885,0.250,0.239,0.125,0.000,0.069
Eric Dier,5,450,0,0,1,6.77,0.625,0.637,0.000,0.000,0.000
Harry Kane,7,627,2,2,3.75,7.41,0.875,0.888,0.125,0.154,0.138
Harry Maguire,5,391,1,0,0.75,6.93,0.625,0.554,0.063,0.000,0.034
Harry Winks,0,71,0,1,0,6.56,0.000,0.101,0.000,0.077,0.034
Jack Grealish,2,180,0,0,1.3,6.88,0.250,0.255,0.000,0.000,0.000
Jadon Sancho,2,185,0,1,0.2,6.3,0.250,0.262,0.000,0.077,0.034
James Ward-Prowse,2,199,1,0,0.5,7.345,0.250,0.282,0.063,0.000,0.034
Jesse Lingard,1,100,0,1,3.3,7.03,0.125,0.142,0.000,0.077,0.034
Joe Gomez,2,180,0,0,0,6.92,0.250,0.255,0.000,0.000,0.000
John Stones,3,226,0,1,0.7,6.53,0.375,0.320,0.000,0.077,0.034
Jordan Henderson,2,126,0,0,0,6.42,0.250,0.178,0.000,0.000,0.000
Jordan Pickford,6,540,0,0,0,6.35,0.750,0.765,0.000,0.000,0.000
Jude Bellingham,0,45,0,0,3,7.31,0.000,0.064,0.000,0.000,0.000
Kalvin Phillips,5,441,0,0,0,6.83,0.625,0.625,0.000,0.000,0.000
Kieran Trippier,5,470,0,1,0.1,6.795,0.625,0.666,0.000,0.077,0.034
Kyle Walker,7,584,0,0,0.55,6.61,0.875,0.827,0.000,0.000,0.000
Luke Shaw,1,90,0,1,0,7.91,0.125,0.127,0.000,0.077,0.034
Marcus Rashford,2,162,1,0,2.5,6.64,0.250,0.229,0.063,0.000,0.034
Mason Greenwood,0,12,0,0,0,6.11,0.000,0.017,0.000,0.000,0.000
Mason Mount,7,552,3,1,1.8,7.17,0.875,0.782,0.188,0.077,0.138
Nick Pope,3,270,0,0,0,6.31,0.375,0.382,0.000,0.000,0.000
Ollie Watkins,0,27,1,0,1,7.32,0.000,0.038,0.063,0.000,0.034
Phil Foden,4,370,2,2,2.1,7.775,0.500,0.524,0.125,0.154,0.138
Raheem Sterling,5,406,2,0,2.35,7.595,0.625,0.575,0.125,0.000,0.069
Reece James,2,151,0,1,0.5,6.585,0.250,0.214,0.000,0.077,0.034
Tammy Abraham,0,14,0,0,1,6.26,0.000,0.020,0.000,0.000,0.000
Trent Alexander-Arnold,2,183,0,0,0.3,6.28,0.250,0.259,0.000,0.000,0.000
Tyrone Mings,1,215,0,0,0,6.47,0.125,0.305,0.000,0.000,0.000
Adnan Januzaj,0,13,0,1,0,6.92,0.000,0.016,0.000,0.050,0.021
Axel Witsel,5,450,1,0,1.4,7.03,0.556,0.556,0.036,0.000,0.021
Christian Benteke,0,26,1,0,3,7.55,0.000,0.032,0.036,0.000,0.021
Dedryck Boyata,2,226,0,0,0,6.275,0.222,0.279,0.000,0.000,0.000
Dennis Praet,1,111,1,1,0.75,7.9,0.111,0.137,0.036,0.050,0.042
Dries Mertens,6,489,3,1,1.75,7.04,0.667,0.604,0.107,0.050,0.083
Hans Vanaken,1,129,2,1,2.75,8.065,0.111,0.159,0.071,0.050,0.063
Jan Vertonghen,7,604,0,0,0,7.055,0.778,0.746,0.000,0.000,0.000
Jason Denayer,8,721,1,0,0.1,6.735,0.889,0.890,0.036,0.000,0.021
Jéremy Doku,3,244,2,2,0.65,8.455,0.333,0.301,0.071,0.100,0.083
Kevin De Bruyne,6,513,2,4,2,7.63,0.667,0.633,0.071,0.200,0.125
Koen Casteels,1,55,0,0,0,6.29,0.111,0.068,0.000,0.000,0.000
Leander Dendoncker,3,296,0,1,0.15,6.835,0.333,0.365,0.000,0.050,0.021
Leandro Trossard,2,196,2,0,0.9,6.8,0.222,0.242,0.071,0.000,0.042
Michy Batshuayi,2,154,3,1,4.5,8.585,0.222,0.190,0.107,0.050,0.083
Nacer Chadli,2,146,0,0,0,6.085,0.222,0.180,0.000,0.000,0.000
Romelu Lukaku,7,630,7,1,3.15,7.54,0.778,0.778,0.250,0.050,0.167
Simon Mignolet,4,395,0,0,0,6.565,0.444,0.488,0.000,0.000,0.000
Thibaut Courtois,4,360,0,0,0,6.385,0.444,0.444,0.000,0.000,0.000
Thomas Foket,0,47,0,1,0,6.535,0.000,0.058,0.000,0.050,0.021
Thomas Meunier,6,540,0,2,0.4,7.305,0.667,0.667,0.000,0.100,0.042
Thomas Vermaelen,1,46,0,0,0,6.3,0.111,0.057,0.000,0.000,0.000
Thorgan Hazard,6,496,1,2,0.9,7.26,0.667,0.612,0.036,0.100,0.063
Timothy Castagne,3,298,0,0,0.75,6.45,0.333,0.368,0.000,0.000,0.000
Toby Alderweireld,9,810,0,1,0.75,7.105,1.000,1.000,0.000,0.050,0.021
Yannick Carrasco,3,230,0,0,1.7,6.33,0.333,0.284,0.000,0.000,0.000
Yari Verschaeren,0,42,0,1,0.5,6.7,0.000,0.052,0.000,0.050,0.021
Youri Tielemans,7,647,2,0,0.85,6.97,0.778,0.799,0.071,0.000,0.042
Alessandro Bastoni,3,269,0,0,0.5,7.185,0.333,0.332,0.000,0.000,0.000
Alessandro Florenzi,6,491,0,1,0.55,6.89,0.667,0.606,0.000,0.100,0.043
Alessio Romagnoli,1,1,0,0,0,6,0.111,0.001,0.000,0.000,0.000
Andrea Belotti,5,392,2,0,4,6.975,0.556,0.484,0.154,0.000,0.087
Bryan Cristante,0,9,0,0,0,6.17,0.000,0.011,0.000,0.000,0.000
Ciro Immobile,4,393,2,1,3.35,7.13,0.444,0.485,0.154,0.100,0.130
Cristiano Biraghi,1,90,0,0,0,6.38,0.111,0.111,0.000,0.000,0.000
Danilo D'Ambrosio,2,180,0,0,1,7.19,0.222,0.222,0.000,0.000,0.000
Davide Calabria,0,1,0,0,0,6,0.000,0.001,0.000,0.000,0.000
Domenico Berardi,2,190,3,0,1.65,7.605,0.222,0.235,0.231,0.000,0.130
Emerson,5,401,0,0,1.75,7.23,0.556,0.495,0.000,0.000,0.000
Federico Bernardeschi,2,176,0,0,2.75,6.875,0.222,0.217,0.000,0.000,0.000
Federico Chiesa,4,334,0,0,1.3,6.64,0.444,0.412,0.000,0.000,0.000
Francesco Acerbi,5,451,0,0,0.9,6.97,0.556,0.557,0.000,0.000,0.000
Francesco Caputo,0,7,0,0,0,6.04,0.000,0.009,0.000,0.000,0.000
Gianluca Mancini,1,90,0,0,1,7.76,0.111,0.111,0.000,0.000,0.000
Gianluigi Donnarumma,9,810,0,0,0,6.865,1.000,1.000,0.000,0.000,0.000
Giorgio Chiellini,3,270,0,0,0,7.57,0.333,0.333,0.000,0.000,0.000
Giovanni Di Lorenzo,0,68,0,0,0.5,6.475,0.000,0.084,0.000,0.000,0.000
Jorginho,5,450,1,0,0.4,7.04,0.556,0.556,0.077,0.000,0.043
Kevin Lasagna,0,8,0,0,1,6.02,0.000,0.010,0.000,0.000,0.000
Leonardo Bonucci,6,540,0,0,0.75,7.045,0.667,0.667,0.000,0.000,0.000
Leonardo Spinazzola,3,320,0,0,0.6,7.03,0.333,0.395,0.000,0.000,0.000
Lorenzo Insigne,6,533,0,5,2.9,7.495,0.667,0.658,0.000,0.500,0.217
Lorenzo Pellegrini,5,351,1,0,1.5,6.735,0.556,0.433,0.077,0.000,0.043
Manuel Locatelli,5,502,1,2,1.1,7.155,0.556,0.620,0.077,0.200,0.130
Marco Verratti,4,324,0,0,0.5,7.175,0.444,0.400,0.000,0.000,0.000
Matteo Pessina,1,70,0,0,0.7,6.32,0.111,0.086,0.000,0.000,0.000
Moise Kean,0,107,0,0,1,6.21,0.000,0.132,0.000,0.000,0.000
Nicolò Barella,7,673,1,1,0.6,7.02,0.778,0.831,0.077,0.100,0.087
Nicolò Zaniolo,1,61,0,0,1,5.98,0.111,0.075,0.000,0.000,0.000
Rafael Tolói,1,90,0,0,0,7.12,0.111,0.111,0.000,0.000,0.000
Stefano Okaka,0,11,0,0,0,6.11,0.000,0.014,0.000,0.000,0.000
Stefano Sensi,2,203,2,0,1.75,7.45,0.222,0.251,0.154,0.000,0.087
Stephan El Shaarawy,1,47,0,0,2.5,6.125,0.111,0.058,0.000,0.000,0.000
Vincenzo Grifo,0,6,0,0,0,6.19,0.000,0.007,0.000,0.000,0.000
Adrien Rabiot,7,633,0,1,1,7.025,0.778,0.781,0.000,0.125,0.045
Anthony Martial,4,332,0,2,1.85,6.85,0.444,0.410,0.000,0.250,0.091
Antoine Griezmann,9,760,4,1,1.85,7.49,1.000,0.938,0.286,0.125,0.227
Benjamin Pavard,5,450,1,0,0.6,7.335,0.556,0.556,0.071,0.000,0.045
Clément Lenglet,3,270,0,0,0.75,6.91,0.333,0.333,0.000,0.000,0.000
Corentin Tolisso,1,63,0,0,0,6.49,0.111,0.078,0.000,0.000,0.000
Dayot Upamecano,2,180,1,0,1,7.55,0.222,0.222,0.071,0.000,0.045
Eduardo Camavinga,0,54,0,0,0.5,6.52,0.000,0.067,0.000,0.000,0.000
Ferland Mendy,2,182,0,0,0.3,6.47,0.222,0.225,0.000,0.000,0.000
Hugo Lloris,9,810,0,0,0,6.75,1.000,1.000,0.000,0.000,0.000
Kingsley Coman,3,221,1,0,0.9,6.445,0.333,0.273,0.071,0.000,0.045
Kurt Zouma,1,135,0,0,0.5,6.555,0.111,0.167,0.000,0.000,0.000
Kylian Mbappé,5,481,2,1,2.1,6.89,0.556,0.594,0.143,0.125,0.136
Lucas Digne,3,308,0,2,0,7.235,0.333,0.380,0.000,0.250,0.091
Lucas Hernández,6,503,0,0,0.6,6.645,0.667,0.621,0.000,0.000,0.000
Léo Dubois,2,178,0,0,0,6.775,0.222,0.220,0.000,0.000,0.000
Marcus Thuram,1,89,0,1,1,6.77,0.111,0.110,0.000,0.125,0.045
Moussa Sissoko,2,189,0,0,0,6.36,0.222,0.233,0.000,0.000,0.000
N'Golo Kanté,5,423,1,0,0.15,7.36,0.556,0.522,0.071,0.000,0.045
Nabil Fekir,0,12,0,0,1,5.92,0.000,0.015,0.000,0.000,0.000
Olivier Giroud,4,388,3,0,1.85,6.59,0.444,0.479,0.214,0.000,0.136
Ousmane Dembélé,1,117,1,0,1.5,7.04,0.111,0.144,0.071,0.000,0.045
Paul Pogba,5,462,0,0,1.4,6.86,0.556,0.570,0.000,0.000,0.000
Presnel Kimpembe,6,540,0,0,0.65,7.045,0.667,0.667,0.000,0.000,0.000
Raphael Varane,7,586,0,0,0.75,6.8,0.778,0.723,0.000,0.000,0.000
Steven Nzonzi,2,193,0,0,0,6.47,0.222,0.238,0.000,0.000,0.000
Tanguy Ndombele,1,82,0,0,0,6.83,0.111,0.101,0.000,0.000,0.000
Thomas Lemar,2,180,0,0,1,6.95,0.222,0.222,0.000,0.000,0.000
Wissam Ben Yedder,1,94,0,0,0,6.28,0.111,0.116,0.000,0.000,0.000
